Workbook

Sheet Dashboard
A1: Campus Class Timetable Dashboard
A4: OVERALL SNAPSHOT (all classes currently in the timetable)
A5: TOTAL CLASS SLOTS (all statuses) | C5: PHYSICAL CLASSES | E5: HYBRID CLASSES | G5: ONLINE CLASSES | I5: COMPLETED CLASSES | K5: UPCOMING CLASSES
A6: ='Class Schedule Analysis'!A165-'Class Schedule Analysis'!A3+1 -> 163 | C6: =COUNTIF('Class Schedule Analysis'!$M$3:$M$165,"Physical") -> 124 | E6: =COUNTIF('Class Schedule Analysis'!$M$3:$M$165,"Hybrid") -> 29 | G6: =COUNTIF('Class Schedule Analysis'!$M$3:$M$165,"Online") -> 8 | I6: =COUNTIF('Class Schedule Analysis'!$S$3:$S$165,"Completed") -> 34 | K6: =COUNTIF('Class Schedule Analysis'!$S$3:$S$165,"Upcoming") -> 0
A8: THIS MONTH — PLANNED CLASSES & LECTURE HALL GAP (auto-updates from TODAY())
A9: PHYSICAL PLANNED (this month) | C9: HYBRID PLANNED (this month) | E9: ONLINE PLANNED (this month) | G9: PHYSICAL GAP (halls free, this month) | I9: HYBRID GAP (halls free, this month) | K9: ONLINE GAP (halls free, this month)
A10: =INDEX('Monthly Summary'!$B$4:$B$25,MATCH(DATE(YEAR(TODAY()),MONTH(TODAY()),1),'Monthly Summary'!$A$4:$A$25,0)) -> 349 | C10: =INDEX('Monthly Summary'!$C$4:$C$25,MATCH(DATE(YEAR(TODAY()),MONTH(TODAY()),1),'Monthly Summary'!$A$4:$A$25,0)) -> 44 | E10: =INDEX('Monthly Summary'!$D$4:$D$25,MATCH(DATE(YEAR(TODAY()),MONTH(TODAY()),1),'Monthly Summary'!$A$4:$A$25,0)) -> 18 | G10: =INDEX('Monthly Summary'!$F$4:$F$25,MATCH(DATE(YEAR(TODAY()),MONTH(TODAY()),1),'Monthly Summary'!$A$4:$A$25,0)) -> 7 | I10: =INDEX('Monthly Summary'!$G$4:$G$25,MATCH(DATE(YEAR(TODAY()),MONTH(TODAY()),1),'Monthly Summary'!$A$4:$A$25,0)) -> 17 | K10: =INDEX('Monthly Summary'!$H$4:$H$25,MATCH(DATE(YEAR(TODAY()),MONTH(TODAY()),1),'Monthly Summary'!$A$4:$A$25,0)) -> 22
A36: Mode | B36: Halls Used | C36: Halls Free (Gap)
A37: Physical | B37: =26-C37 -> 19 | C37: =G10 -> 7
A38: Hybrid | B38: =26-C38 -> 9 | C38: =I10 -> 17
A39: Online | B39: =26-C39 -> 4 | C39: =K10 -> 22

Sheet Monthly Summary
A1: Monthly Class Summary — Planned Classes & Lecture Hall Gap by Mode
A3: Month | B3: Physical Planned | C3: Hybrid Planned | D3: Online Planned | E3: Total Planned | F3: Physical Gap (halls free) | G3: Hybrid Gap (halls free) | H3: Online Gap (halls free)
A4: 45962 | B4: =SUMPRODUCT(('Monthly Occurrences (Support)'!$D$4:$D$166="Physical")*('Monthly Occurrences (Support)'!$G$4:$G$166)) -> 4 | C4: =SUMPRODUCT(('Monthly Occurrences (Support)'!$D$4:$D$166="Hybrid")*('Monthly Occurrences (Support)'!$G$4:$G$166)) -> 0 | D4: =SUMPRODUCT(('Monthly Occurrences (Support)'!$D$4:$D$166="Online")*('Monthly Occurrences (Support)'!$G$4:$G$166)) -> 0 | E4: =B4+C4+D4 -> 4 | F4: ='Lecture Hall Availability'!B33 -> 25 | G4: ='Lecture Hall Availability'!B64 -> 26 | H4: ='Lecture Hall Availability'!B95 -> 26
A5: 45992 | B5: =SUMPRODUCT(('Monthly Occurrences (Support)'!$D$4:$D$166="Physical")*('Monthly Occurrences (Support)'!$H$4:$H$166)) -> 4 | C5: =SUMPRODUCT(('Monthly Occurrences (Support)'!$D$4:$D$166="Hybrid")*('Monthly Occurrences (Support)'!$H$4:$H$166)) -> 0 | D5: =SUMPRODUCT(('Monthly Occurrences (Support)'!$D$4:$D$166="Online")*('Monthly Occurrences (Support)'!$H$4:$H$166)) -> 0 | E5: =B5+C5+D5 -> 4 | F5: ='Lecture Hall Availability'!C33 -> 25 | G5: ='Lecture Hall Availability'!C64 -> 26 | H5: ='Lecture Hall Availability'!C95 -> 26
A6: 46023 | B6: =SUMPRODUCT(('Monthly Occurrences (Support)'!$D$4:$D$166="Physical")*('Monthly Occurrences (Support)'!$I$4:$I$166)) -> 5 | C6: =SUMPRODUCT(('Monthly Occurrences (Support)'!$D$4:$D$166="Hybrid")*('Monthly Occurrences (Support)'!$I$4:$I$166)) -> 0 | D6: =SUMPRODUCT(('Monthly Occurrences (Support)'!$D$4:$D$166="Online")*('Monthly Occurrences (Support)'!$I$4:$I$166)) -> 0 | E6: =B6+C6+D6 -> 5 | F6: ='Lecture Hall Availability'!D33 -> 25 | G6: ='Lecture Hall Availability'!D64 -> 26 | H6: ='Lecture Hall Availability'!D95 -> 26
A7: 46054 | B7: =SUMPRODUCT(('Monthly Occurrences (Support)'!$D$4:$D$166="Physical")*('Monthly Occurrences (Support)'!$J$4:$J$166)) -> 4 | C7: =SUMPRODUCT(('Monthly Occurrences (Support)'!$D$4:$D$166="Hybrid")*('Monthly Occurrences (Support)'!$J$4:$J$166)) -> 0 | D7: =SUMPRODUCT(('Monthly Occurrences (Support)'!$D$4:$D$166="Online")*('Monthly Occurrences (Support)'!$J$4:$J$166)) -> 0 | E7: =B7+C7+D7 -> 4 | F7: ='Lecture Hall Availability'!E33 -> 25 | G7: ='Lecture Hall Availability'!E64 -> 26 | H7: ='Lecture Hall Availability'!E95 -> 26
A8: 46082 | B8: =SUMPRODUCT(('Monthly Occurrences (Support)'!$D$4:$D$166="Physical")*('Monthly Occurrences (Support)'!$K$4:$K$166)) -> 40 | C8: =SUMPRODUCT(('Monthly Occurrences (Support)'!$D$4:$D$166="Hybrid")*('Monthly Occurrences (Support)'!$K$4:$K$166)) -> 6 | D8: =SUMPRODUCT(('Monthly Occurrences (Support)'!$D$4:$D$166="Online")*('Monthly Occurrences (Support)'!$K$4:$K$166)) -> 2 | E8: =B8+C8+D8 -> 48 | F8: ='Lecture Hall Availability'!F33 -> 15 | G8: ='Lecture Hall Availability'!F64 -> 25 | H8: ='Lecture Hall Availability'!F95 -> 24
A9: 46113 | B9: =SUMPRODUCT(('Monthly Occurrences (Support)'!$D$4:$D$166="Physical")*('Monthly Occurrences (Support)'!$L$4:$L$166)) -> 128 | C9: =SUMPRODUCT(('Monthly Occurrences (Support)'!$D$4:$D$166="Hybrid")*('Monthly Occurrences (Support)'!$L$4:$L$166)) -> 25 | D9: =SUMPRODUCT(('Monthly Occurrences (Support)'!$D$4:$D$166="Online")*('Monthly Occurrences (Support)'!$L$4:$L$166)) -> 8 | E9: =B9+C9+D9 -> 161 | F9: ='Lecture Hall Availability'!G33 -> 11 | G9: ='Lecture Hall Availability'!G64 -> 22 | H9: ='Lecture Hall Availability'!G95 -> 24
A10: 46143 | B10: =SUMPRODUCT(('Monthly Occurrences (Support)'!$D$4:$D$166="Physical")*('Monthly Occurrences (Support)'!$M$4:$M$166)) -> 192 | C10: =SUMPRODUCT(('Monthly Occurrences (Support)'!$D$4:$D$166="Hybrid")*('Monthly Occurrences (Support)'!$M$4:$M$166)) -> 52 | D10: =SUMPRODUCT(('Monthly Occurrences (Support)'!$D$4:$D$166="Online")*('Monthly Occurrences (Support)'!$M$4:$M$166)) -> 10 | E10: =B10+C10+D10 -> 254 | F10: ='Lecture Hall Availability'!H33 -> 10 | G10: ='Lecture Hall Availability'!H64 -> 19 | H10: ='Lecture Hall Availability'!H95 -> 24
A11: 46174 | B11: =SUMPRODUCT(('Monthly Occurrences (Support)'!$D$4:$D$166="Physical")*('Monthly Occurrences (Support)'!$N$4:$N$166)) -> 209 | C11: =SUMPRODUCT(('Monthly Occurrences (Support)'!$D$4:$D$166="Hybrid")*('Monthly Occurrences (Support)'!$N$4:$N$166)) -> 82 | D11: =SUMPRODUCT(('Monthly Occurrences (Support)'!$D$4:$D$166="Online")*('Monthly Occurrences (Support)'!$N$4:$N$166)) -> 8 | E11: =B11+C11+D11 -> 299 | F11: ='Lecture Hall Availability'!I33 -> 9 | G11: ='Lecture Hall Availability'!I64 -> 14 | H11: ='Lecture Hall Availability'!I95 -> 24
A12: 46204 | B12: =SUMPRODUCT(('Monthly Occurrences (Support)'!$D$4:$D$166="Physical")*('Monthly Occurrences (Support)'!$O$4:$O$166)) -> 392 | C12: =SUMPRODUCT(('Monthly Occurrences (Support)'!$D$4:$D$166="Hybrid")*('Monthly Occurrences (Support)'!$O$4:$O$166)) -> 96 | D12: =SUMPRODUCT(('Monthly Occurrences (Support)'!$D$4:$D$166="Online")*('Monthly Occurrences (Support)'!$O$4:$O$166)) -> 17 | E12: =B12+C12+D12 -> 505 | F12: ='Lecture Hall Availability'!J33 -> 6 | G12: ='Lecture Hall Availability'!J64 -> 14 | H12: ='Lecture Hall Availability'!J95 -> 22
A13: 46235 | B13: =SUMPRODUCT(('Monthly Occurrences (Support)'!$D$4:$D$166="Physical")*('Monthly Occurrences (Support)'!$P$4:$P$166)) -> 415 | C13: =SUMPRODUCT(('Monthly Occurrences (Support)'!$D$4:$D$166="Hybrid")*('Monthly Occurrences (Support)'!$P$4:$P$166)) -> 84 | D13: =SUMPRODUCT(('Monthly Occurrences (Support)'!$D$4:$D$166="Online")*('Monthly Occurrences (Support)'!$P$4:$P$166)) -> 25 | E13: =B13+C13+D13 -> 524 | F13: ='Lecture Hall Availability'!K33 -> 7 | G13: ='Lecture Hall Availability'!K64 -> 14 | H13: ='Lecture Hall Availability'!K95 -> 22
A14: 46266 | B14: =SUMPRODUCT(('Monthly Occurrences (Support)'!$D$4:$D$166="Physical")*('Monthly Occurrences (Support)'!$Q$4:$Q$166)) -> 349 | C14: =SUMPRODUCT(('Monthly Occurrences (Support)'!$D$4:$D$166="Hybrid")*('Monthly Occurrences (Support)'!$Q$4:$Q$166)) -> 44 | D14: =SUMPRODUCT(('Monthly Occurrences (Support)'!$D$4:$D$166="Online")*('Monthly Occurrences (Support)'!$Q$4:$Q$166)) -> 18 | E14: =B14+C14+D14 -> 411 | F14: ='Lecture Hall Availability'!L33 -> 7 | G14: ='Lecture Hall Availability'!L64 -> 17 | H14: ='Lecture Hall Availability'!L95 -> 22
A15: 46296 | B15: =SUMPRODUCT(('Monthly Occurrences (Support)'!$D$4:$D$166="Physical")*('Monthly Occurrences (Support)'!$R$4:$R$166)) -> 325 | C15: =SUMPRODUCT(('Monthly Occurrences (Support)'!$D$4:$D$166="Hybrid")*('Monthly Occurrences (Support)'!$R$4:$R$166)) -> 12 | D15: =SUMPRODUCT(('Monthly Occurrences (Support)'!$D$4:$D$166="Online")*('Monthly Occurrences (Support)'!$R$4:$R$166)) -> 20 | E15: =B15+C15+D15 -> 357 | F15: ='Lecture Hall Availability'!M33 -> 7 | G15: ='Lecture Hall Availability'!M64 -> 24 | H15: ='Lecture Hall Availability'!M95 -> 23
A16: 46327 | B16: =SUMPRODUCT(('Monthly Occurrences (Support)'!$D$4:$D$166="Physical")*('Monthly Occurrences (Support)'!$S$4:$S$166)) -> 193 | C16: =SUMPRODUCT(('Monthly Occurrences (Support)'!$D$4:$D$166="Hybrid")*('Monthly Occurrences (Support)'!$S$4:$S$166)) -> 4 | D16: =SUMPRODUCT(('Monthly Occurrences (Support)'!$D$4:$D$166="Online")*('Monthly Occurrences (Support)'!$S$4:$S$166)) -> 8 | E16: =B16+C16+D16 -> 205 | F16: ='Lecture Hall Availability'!N33 -> 8 | G16: ='Lecture Hall Availability'!N64 -> 25 | H16: ='Lecture Hall Availability'!N95 -> 25
A17: 46357 | B17: =SUMPRODUCT(('Monthly Occurrences (Support)'!$D$4:$D$166="Physical")*('Monthly Occurrences (Support)'!$T$4:$T$166)) -> 92 | C17: =SUMPRODUCT(('Monthly Occurrences (Support)'!$D$4:$D$166="Hybrid")*('Monthly Occurrences (Support)'!$T$4:$T$166)) -> 1 | D17: =SUMPRODUCT(('Monthly Occurrences (Support)'!$D$4:$D$166="Online")*('Monthly Occurrences (Support)'!$T$4:$T$166)) -> 3 | E17: =B17+C17+D17 -> 96 | F17: ='Lecture Hall Availability'!O33 -> 12 | G17: ='Lecture Hall Availability'!O64 -> 25 | H17: ='Lecture Hall Availability'!O95 -> 25
A18: 46388 | B18: =SUMPRODUCT(('Monthly Occurrences (Support)'!$D$4:$D$166="Physical")*('Monthly Occurrences (Support)'!$U$4:$U$166)) -> 39 | C18: =SUMPRODUCT(('Monthly Occurrences (Support)'!$D$4:$D$166="Hybrid")*('Monthly Occurrences (Support)'!$U$4:$U$166)) -> 0 | D18: =SUMPRODUCT(('Monthly Occurrences (Support)'!$D$4:$D$166="Online")*('Monthly Occurrences (Support)'!$U$4:$U$166)) -> 0 | E18: =B18+C18+D18 -> 39 | F18: ='Lecture Hall Availability'!P33 -> 23 | G18: ='Lecture Hall Availability'!P64 -> 26 | H18: ='Lecture Hall Availability'!P95 -> 26
A19: 46419 | B19: =SUMPRODUCT(('Monthly Occurrences (Support)'!$D$4:$D$166="Physical")*('Monthly Occurrences (Support)'!$V$4:$V$166)) -> 36 | C19: =SUMPRODUCT(('Monthly Occurrences (Support)'!$D$4:$D$166="Hybrid")*('Monthly Occurrences (Support)'!$V$4:$V$166)) -> 0 | D19: =SUMPRODUCT(('Monthly Occurrences (Support)'!$D$4:$D$166="Online")*('Monthly Occurrences (Support)'!$V$4:$V$166)) -> 0 | E19: =B19+C19+D19 -> 36 | F19: ='Lecture Hall Availability'!Q33 -> 24 | G19: ='Lecture Hall Availability'!Q64 -> 26 | H19: ='Lecture Hall Availability'!Q95 -> 26
A20: 46447 | B20: =SUMPRODUCT(('Monthly Occurrences (Support)'!$D$4:$D$166="Physical")*('Monthly Occurrences (Support)'!$W$4:$W$166)) -> 42 | C20: =SUMPRODUCT(('Monthly Occurrences (Support)'!$D$4:$D$166="Hybrid")*('Monthly Occurrences (Support)'!$W$4:$W$166)) -> 0 | D20: =SUMPRODUCT(('Monthly Occurrences (Support)'!$D$4:$D$166="Online")*('Monthly Occurrences (Support)'!$W$4:$W$166)) -> 0 | E20: =B20+C20+D20 -> 42 | F20: ='Lecture Hall Availability'!R33 -> 24 | G20: ='Lecture Hall Availability'!R64 -> 26 | H20: ='Lecture Hall Availability'!R95 -> 26
A21: 46478 | B21: =SUMPRODUCT(('Monthly Occurrences (Support)'!$D$4:$D$166="Physical")*('Monthly Occurrences (Support)'!$X$4:$X$166)) -> 39 | C21: =SUMPRODUCT(('Monthly Occurrences (Support)'!$D$4:$D$166="Hybrid")*('Monthly Occurrences (Support)'!$X$4:$X$166)) -> 0 | D21: =SUMPRODUCT(('Monthly Occurrences (Support)'!$D$4:$D$166="Online")*('Monthly Occurrences (Support)'!$X$4:$X$166)) -> 0 | E21: =B21+C21+D21 -> 39 | F21: ='Lecture Hall Availability'!S33 -> 24 | G21: ='Lecture Hall Availability'!S64 -> 26 | H21: ='Lecture Hall Availability'!S95 -> 26
A22: 46508 | B22: =SUMPRODUCT(('Monthly Occurrences (Support)'!$D$4:$D$166="Physical")*('Monthly Occurrences (Support)'!$Y$4:$Y$166)) -> 38 | C22: =SUMPRODUCT(('Monthly Occurrences (Support)'!$D$4:$D$166="Hybrid")*('Monthly Occurrences (Support)'!$Y$4:$Y$166)) -> 0 | D22: =SUMPRODUCT(('Monthly Occurrences (Support)'!$D$4:$D$166="Online")*('Monthly Occurrences (Support)'!$Y$4:$Y$166)) -> 0 | E22: =B22+C22+D22 -> 38 | F22: ='Lecture Hall Availability'!T33 -> 24 | G22: ='Lecture Hall Availability'!T64 -> 26 | H22: ='Lecture Hall Availability'!T95 -> 26
A23: 46539 | B23: =SUMPRODUCT(('Monthly Occurrences (Support)'!$D$4:$D$166="Physical")*('Monthly Occurrences (Support)'!$Z$4:$Z$166)) -> 40 | C23: =SUMPRODUCT(('Monthly Occurrences (Support)'!$D$4:$D$166="Hybrid")*('Monthly Occurrences (Support)'!$Z$4:$Z$166)) -> 0 | D23: =SUMPRODUCT(('Monthly Occurrences (Support)'!$D$4:$D$166="Online")*('Monthly Occurrences (Support)'!$Z$4:$Z$166)) -> 0 | E23: =B23+C23+D23 -> 40 | F23: ='Lecture Hall Availability'!U33 -> 24 | G23: ='Lecture Hall Availability'!U64 -> 26 | H23: ='Lecture Hall Availability'!U95 -> 26
A24: 46569 | B24: =SUMPRODUCT(('Monthly Occurrences (Support)'!$D$4:$D$166="Physical")*('Monthly Occurrences (Support)'!$AA$4:$AA$166)) -> 39 | C24: =SUMPRODUCT(('Monthly Occurrences (Support)'!$D$4:$D$166="Hybrid")*('Monthly Occurrences (Support)'!$AA$4:$AA$166)) -> 0 | D24: =SUMPRODUCT(('Monthly Occurrences (Support)'!$D$4:$D$166="Online")*('Monthly Occurrences (Support)'!$AA$4:$AA$166)) -> 0 | E24: =B24+C24+D24 -> 39 | F24: ='Lecture Hall Availability'!V33 -> 24 | G24: ='Lecture Hall Availability'!V64 -> 26 | H24: ='Lecture Hall Availability'!V95 -> 26
A25: 46600 | B25: =SUMPRODUCT(('Monthly Occurrences (Support)'!$D$4:$D$166="Physical")*('Monthly Occurrences (Support)'!$AB$4:$AB$166)) -> 40 | C25: =SUMPRODUCT(('Monthly Occurrences (Support)'!$D$4:$D$166="Hybrid")*('Monthly Occurrences (Support)'!$AB$4:$AB$166)) -> 0 | D25: =SUMPRODUCT(('Monthly Occurrences (Support)'!$D$4:$D$166="Online")*('Monthly Occurrences (Support)'!$AB$4:$AB$166)) -> 0 | E25: =B25+C25+D25 -> 40 | F25: ='Lecture Hall Availability'!W33 -> 24 | G25: ='Lecture Hall Availability'!W64 -> 26 | H25: ='Lecture Hall Availability'!W95 -> 26
A26: TOTAL (sum of months) | B26: =SUM(B4:B25) -> 2665 | C26: =SUM(C4:C25) -> 406 | D26: =SUM(D4:D25) -> 119 | E26: =SUM(E4:E25) -> 3190

Sheet Lecture Hall Availability
A1: Lecture Hall Availability — Monthly Hall Usage by Class Mode
A4: PHYSICAL — Sessions per Month by Lecture Hall
A5: Lecture Hall | B5: 45962 | C5: 45992 | D5: 46023 | E5: 46054 | F5: 46082 | G5: 46113 | H5: 46143 | I5: 46174 | J5: 46204 | K5: 46235 | L5: 46266 | M5: 46296 | N5: 46327 | O5: 46357 | P5: 46388 | Q5: 46419 | R5: 46447 | S5: 46478 | T5: 46508 | U5: 46539 | V5: 46569 | W5: 46600
A6: AUDITORIUM | B6: =SUMPRODUCT(('Monthly Occurrences (Support)'!$C$4:$C$166=$A6)*('Monthly Occurrences (Support)'!$D$4:$D$166="Physical")*('Monthly Occurrences (Support)'!$G$4:$G$166)) -> 0 | C6: =SUMPRODUCT(('Monthly Occurrences (Support)'!$C$4:$C$166=$A6)*('Monthly Occurrences (Support)'!$D$4:$D$166="Physical")*('Monthly Occurrences (Support)'!$H$4:$H$166)) -> 0 | D6: =SUMPRODUCT(('Monthly Occurrences (Support)'!$C$4:$C$166=$A6)*('Monthly Occurrences (Support)'!$D$4:$D$166="Physical")*('Monthly Occurrences (Support)'!$I$4:$I$166)) -> 0 | E6: =SUMPRODUCT(('Monthly Occurrences (Support)'!$C$4:$C$166=$A6)*('Monthly Occurrences (Support)'!$D$4:$D$166="Physical")*('Monthly Occurrences (Support)'!$J$4:$J$166)) -> 0 | F6: =SUMPRODUCT(('Monthly Occurrences (Support)'!$C$4:$C$166=$A6)*('Monthly Occurrences (Support)'!$D$4:$D$166="Physical")*('Monthly Occurrences (Support)'!$K$4:$K$166)) -> 0 | G6: =SUMPRODUCT(('Monthly Occurrences (Support)'!$C$4:$C$166=$A6)*('Monthly Occurrences (Support)'!$D$4:$D$166="Physical")*('Monthly Occurrences (Support)'!$L$4:$L$166)) -> 0 | H6: =SUMPRODUCT(('Monthly Occurrences (Support)'!$C$4:$C$166=$A6)*('Monthly Occurrences (Support)'!$D$4:$D$166="Physical")*('Monthly Occurrences (Support)'!$M$4:$M$166)) -> 0 | I6: =SUMPRODUCT(('Monthly Occurrences (Support)'!$C$4:$C$166=$A6)*('Monthly Occurrences (Support)'!$D$4:$D$166="Physical")*('Monthly Occurrences (Support)'!$N$4:$N$166)) -> 0 | J6: =SUMPRODUCT(('Monthly Occurrences (Support)'!$C$4:$C$166=$A6)*('Monthly Occurrences (Support)'!$D$4:$D$166="Physical")*('Monthly Occurrences (Support)'!$O$4:$O$166)) -> 0 | K6: =SUMPRODUCT(('Monthly Occurrences (Support)'!$C$4:$C$166=$A6)*('Monthly Occurrences (Support)'!$D$4:$D$166="Physical")*('Monthly Occurrences (Support)'!$P$4:$P$166)) -> 0 | L6: =SUMPRODUCT(('Monthly Occurrences (Support)'!$C$4:$C$166=$A6)*('Monthly Occurrences (Support)'!$D$4:$D$166="Physical")*('Monthly Occurrences (Support)'!$Q$4:$Q$166)) -> 0 | M6: =SUMPRODUCT(('Monthly Occurrences (Support)'!$C$4:$C$166=$A6)*('Monthly Occurrences (Support)'!$D$4:$D$166="Physical")*('Monthly Occurrences (Support)'!$R$4:$R$166)) -> 0 | N6: =SUMPRODUCT(('Monthly Occurrences (Support)'!$C$4:$C$166=$A6)*('Monthly Occurrences (Support)'!$D$4:$D$166="Physical")*('Monthly Occurrences (Support)'!$S$4:$S$166)) -> 0 | O6: =SUMPRODUCT(('Monthly Occurrences (Support)'!$C$4:$C$166=$A6)*('Monthly Occurrences (Support)'!$D$4:$D$166="Physical")*('Monthly Occurrences (Support)'!$T$4:$T$166)) -> 0 | P6: =SUMPRODUCT(('Monthly Occurrences (Support)'!$C$4:$C$166=$A6)*('Monthly Occurrences (Support)'!$D$4:$D$166="Physical")*('Monthly Occurrences (Support)'!$U$4:$U$166)) -> 0 | Q6: =SUMPRODUCT(('Monthly Occurrences (Support)'!$C$4:$C$166=$A6)*('Monthly Occurrences (Support)'!$D$4:$D$166="Physical")*('Monthly Occurrences (Support)'!$V$4:$V$166)) -> 0 | R6: =SUMPRODUCT(('Monthly Occurrences (Support)'!$C$4:$C$166=$A6)*('Monthly Occurrences (Support)'!$D$4:$D$166="Physical")*('Monthly Occurrences (Support)'!$W$4:$W$166)) -> 0 | S6: =SUMPRODUCT(('Monthly Occurrences (Support)'!$C$4:$C$166=$A6)*('Monthly Occurrences (Support)'!$D$4:$D$166="Physical")*('Monthly Occurrences (Support)'!$X$4:$X$166)) -> 0 | T6: =SUMPRODUCT(('Monthly Occurrences (Support)'!$C$4:$C$166=$A6)*('Monthly Occurrences (Support)'!$D$4:$D$166="Physical")*('Monthly Occurrences (Support)'!$Y$4:$Y$166)) -> 0 | U6: =SUMPRODUCT(('Monthly Occurrences (Support)'!$C$4:$C$166=$A6)*('Monthly Occurrences (Support)'!$D$4:$D$166="Physical")*('Monthly Occurrences (Support)'!$Z$4:$Z$166)) -> 0 | V6: =SUMPRODUCT(('Monthly Occurrences (Support)'!$C$4:$C$166=$A6)*('Monthly Occurrences (Support)'!$D$4:$D$166="Physical")*('Monthly Occurrences (Support)'!$AA$4:$AA$166)) -> 0 | W6: =SUMPRODUCT(('Monthly Occurrences (Support)'!$C$4:$C$166=$A6)*('Monthly Occurrences (Support)'!$D$4:$D$166="Physical")*('Monthly Occurrences (Support)'!$AB$4:$AB$166)) -> 0
A7: EAST 304 | B7: =SUMPRODUCT(('Monthly Occurrences (Support)'!$C$4:$C$166=$A7)*('Monthly Occurrences (Support)'!$D$4:$D$166="Physical")*('Monthly Occurrences (Support)'!$G$4:$G$166)) -> 0 | C7: =SUMPRODUCT(('Monthly Occurrences (Support)'!$C$4:$C$166=$A7)*('Monthly Occurrences (Support)'!$D$4:$D$166="Physical")*('Monthly Occurrences (Support)'!$H$4:$H$166)) -> 0 | D7: =SUMPRODUCT(('Monthly Occurrences (Support)'!$C$4:$C$166=$A7)*('Monthly Occurrences (Support)'!$D$4:$D$166="Physical")*('Monthly Occurrences (Support)'!$I$4:$I$166)) -> 0 | E7: =SUMPRODUCT(('Monthly Occurrences (Support)'!$C$4:$C$166=$A7)*('Monthly Occurrences (Support)'!$D$4:$D$166="Physical")*('Monthly Occurrences (Support)'!$J$4:$J$166)) -> 0 | F7: =SUMPRODUCT(('Monthly Occurrences (Support)'!$C$4:$C$166=$A7)*('Monthly Occurrences (Support)'!$D$4:$D$166="Physical")*('Monthly Occurrences (Support)'!$K$4:$K$166)) -> 0 | G7: =SUMPRODUCT(('Monthly Occurrences (Support)'!$C$4:$C$166=$A7)*('Monthly Occurrences (Support)'!$D$4:$D$166="Physical")*('Monthly Occurrences (Support)'!$L$4:$L$166)) -> 0 | H7: =SUMPRODUCT(('Monthly Occurrences (Support)'!$C$4:$C$166=$A7)*('Monthly Occurrences (Support)'!$D$4:$D$166="Physical")*('Monthly Occurrences (Support)'!$M$4:$M$166)) -> 4 | I7: =SUMPRODUCT(('Monthly Occurrences (Support)'!$C$4:$C$166=$A7)*('Monthly Occurrences (Support)'!$D$4:$D$166="Physical")*('Monthly Occurrences (Support)'!$N$4:$N$166)) -> 4 | J7: =SUMPRODUCT(('Monthly Occurrences (Support)'!$C$4:$C$166=$A7)*('Monthly Occurrences (Support)'!$D$4:$D$166="Physical")*('Monthly Occurrences (Support)'!$O$4:$O$166)) -> 11 | K7: =SUMPRODUCT(('Monthly Occurrences (Support)'!$C$4:$C$166=$A7)*('Monthly Occurrences (Support)'!$D$4:$D$166="Physical")*('Monthly Occurrences (Support)'!$P$4:$P$166)) -> 12 | L7: =SUMPRODUCT(('Monthly Occurrences (Support)'!$C$4:$C$166=$A7)*('Monthly Occurrences (Support)'!$D$4:$D$166="Physical")*('Monthly Occurrences (Support)'!$Q$4:$Q$166)) -> 8 | M7: =SUMPRODUCT(('Monthly Occurrences (Support)'!$C$4:$C$166=$A7)*('Monthly Occurrences (Support)'!$D$4:$D$166="Physical")*('Monthly Occurrences (Support)'!$R$4:$R$166)) -> 10 | N7: =SUMPRODUCT(('Monthly Occurrences (Support)'!$C$4:$C$166=$A7)*('Monthly Occurrences (Support)'!$D$4:$D$166="Physical")*('Monthly Occurrences (Support)'!$S$4:$S$166)) -> 8 | O7: =SUMPRODUCT(('Monthly Occurrences (Support)'!$C$4:$C$166=$A7)*('Monthly Occurrences (Support)'!$D$4:$D$166="Physical")*('Monthly Occurrences (Support)'!$T$4:$T$166)) -> 3 | P7: =SUMPRODUCT(('Monthly Occurrences (Support)'!$C$4:$C$166=$A7)*('Monthly Occurrences (Support)'!$D$4:$D$166="Physical")*('Monthly Occurrences (Support)'!$U$4:$U$166)) -> 0 | Q7: =SUMPRODUCT(('Monthly Occurrences (Support)'!$C$4:$C$166=$A7)*('Monthly Occurrences (Support)'!$D$4:$D$166="Physical")*('Monthly Occurrences (Support)'!$V$4:$V$166)) -> 0 | R7: =SUMPRODUCT(('Monthly Occurrences (Support)'!$C$4:$C$166=$A7)*('Monthly Occurrences (Support)'!$D$4:$D$166="Physical")*('Monthly Occurrences (Support)'!$W$4:$W$166)) -> 0 | S7: =SUMPRODUCT(('Monthly Occurrences (Support)'!$C$4:$C$166=$A7)*('Monthly Occurrences (Support)'!$D$4:$D$166="Physical")*('Monthly Occurrences (Support)'!$X$4:$X$166)) -> 0 | T7: =SUMPRODUCT(('Monthly Occurrences (Support)'!$C$4:$C$166=$A7)*('Monthly Occurrences (Support)'!$D$4:$D$166="Physical")*('Monthly Occurrences (Support)'!$Y$4:$Y$166)) -> 0 | U7: =SUMPRODUCT(('Monthly Occurrences (Support)'!$C$4:$C$166=$A7)*('Monthly Occurrences (Support)'!$D$4:$D$166="Physical")*('Monthly Occurrences (Support)'!$Z$4:$Z$166)) -> 0 | V7: =SUMPRODUCT(('Monthly Occurrences (Support)'!$C$4:$C$166=$A7)*('Monthly Occurrences (Support)'!$D$4:$D$166="Physical")*('Monthly Occurrences (Support)'!$AA$4:$AA$166)) -> 0 | W7: =SUMPRODUCT(('Monthly Occurrences (Support)'!$C$4:$C$166=$A7)*('Monthly Occurrences (Support)'!$D$4:$D$166="Physical")*('Monthly Occurrences (Support)'!$AB$4:$AB$166)) -> 0
A8: EAST 305 | B8: =SUMPRODUCT(('Monthly Occurrences (Support)'!$C$4:$C$166=$A8)*('Monthly Occurrences (Support)'!$D$4:$D$166="Physical")*('Monthly Occurrences (Support)'!$G$4:$G$166)) -> 0 | C8: =SUMPRODUCT(('Monthly Occurrences (Support)'!$C$4:$C$166=$A8)*('Monthly Occurrences (Support)'!$D$4:$D$166="Physical")*('Monthly Occurrences (Support)'!$H$4:$H$166)) -> 0 | D8: =SUMPRODUCT(('Monthly Occurrences (Support)'!$C$4:$C$166=$A8)*('Monthly Occurrences (Support)'!$D$4:$D$166="Physical")*('Monthly Occurrences (Support)'!$I$4:$I$166)) -> 0 | E8: =SUMPRODUCT(('Monthly Occurrences (Support)'!$C$4:$C$166=$A8)*('Monthly Occurrences (Support)'!$D$4:$D$166="Physical")*('Monthly Occurrences (Support)'!$J$4:$J$166)) -> 0 | F8: =SUMPRODUCT(('Monthly Occurrences (Support)'!$C$4:$C$166=$A8)*('Monthly Occurrences (Support)'!$D$4:$D$166="Physical")*('Monthly Occurrences (Support)'!$K$4:$K$166)) -> 0 | G8: =SUMPRODUCT(('Monthly Occurrences (Support)'!$C$4:$C$166=$A8)*('Monthly Occurrences (Support)'!$D$4:$D$166="Physical")*('Monthly Occurrences (Support)'!$L$4:$L$166)) -> 0 | H8: =SUMPRODUCT(('Monthly Occurrences (Support)'!$C$4:$C$166=$A8)*('Monthly Occurrences (Support)'!$D$4:$D$166="Physical")*('Monthly Occurrences (Support)'!$M$4:$M$166)) -> 0 | I8: =SUMPRODUCT(('Monthly Occurrences (Support)'!$C$4:$C$166=$A8)*('Monthly Occurrences (Support)'!$D$4:$D$166="Physical")*('Monthly Occurrences (Support)'!$N$4:$N$166)) -> 0 | J8: =SUMPRODUCT(('Monthly Occurrences (Support)'!$C$4:$C$166=$A8)*('Monthly Occurrences (Support)'!$D$4:$D$166="Physical")*('Monthly Occurrences (Support)'!$O$4:$O$166)) -> 24 | K8: =SUMPRODUCT(('Monthly Occurrences (Support)'!$C$4:$C$166=$A8)*('Monthly Occurrences (Support)'!$D$4:$D$166="Physical")*('Monthly Occurrences (Support)'!$P$4:$P$166)) -> 34 | L8: =SUMPRODUCT(('Monthly Occurrences (Support)'!$C$4:$C$166=$A8)*('Monthly Occurrences (Support)'!$D$4:$D$166="Physical")*('Monthly Occurrences (Support)'!$Q$4:$Q$166)) -> 35 | M8: =SUMPRODUCT(('Monthly Occurrences (Support)'!$C$4:$C$166=$A8)*('Monthly Occurrences (Support)'!$D$4:$D$166="Physical")*('Monthly Occurrences (Support)'!$R$4:$R$166)) -> 35 | N8: =SUMPRODUCT(('Monthly Occurrences (Support)'!$C$4:$C$166=$A8)*('Monthly Occurrences (Support)'!$D$4:$D$166="Physical")*('Monthly Occurrences (Support)'!$S$4:$S$166)) -> 34 | O8: =SUMPRODUCT(('Monthly Occurrences (Support)'!$C$4:$C$166=$A8)*('Monthly Occurrences (Support)'!$D$4:$D$166="Physical")*('Monthly Occurrences (Support)'!$T$4:$T$166)) -> 37 | P8: =SUMPRODUCT(('Monthly Occurrences (Support)'!$C$4:$C$166=$A8)*('Monthly Occurrences (Support)'!$D$4:$D$166="Physical")*('Monthly Occurrences (Support)'!$U$4:$U$166)) -> 33 | Q8: =SUMPRODUCT(('Monthly Occurrences (Support)'!$C$4:$C$166=$A8)*('Monthly Occurrences (Support)'!$D$4:$D$166="Physical")*('Monthly Occurrences (Support)'!$V$4:$V$166)) -> 32 | R8: =SUMPRODUCT(('Monthly Occurrences (Support)'!$C$4:$C$166=$A8)*('Monthly Occurrences (Support)'!$D$4:$D$166="Physical")*('Monthly Occurrences (Support)'!$W$4:$W$166)) -> 37 | S8: =SUMPRODUCT(('Monthly Occurrences (Support)'!$C$4:$C$166=$A8)*('Monthly Occurrences (Support)'!$D$4:$D$166="Physical")*('Monthly Occurrences (Support)'!$X$4:$X$166)) -> 35 | T8: =SUMPRODUCT(('Monthly Occurrences (Support)'!$C$4:$C$166=$A8)*('Monthly Occurrences (Support)'!$D$4:$D$166="Physical")*('Monthly Occurrences (Support)'!$Y$4:$Y$166)) -> 34 | U8: =SUMPRODUCT(('Monthly Occurrences (Support)'!$C$4:$C$166=$A8)*('Monthly Occurrences (Support)'!$D$4:$D$166="Physical")*('Monthly Occurrences (Support)'!$Z$4:$Z$166)) -> 35 | V8: =SUMPRODUCT(('Monthly Occurrences (Support)'!$C$4:$C$166=$A8)*('Monthly Occurrences (Support)'!$D$4:$D$166="Physical")*('Monthly Occurrences (Support)'!$AA$4:$AA$166)) -> 35 | W8: =SUMPRODUCT(('Monthly Occurrences (Support)'!$C$4:$C$166=$A8)*('Monthly Occurrences (Support)'!$D$4:$D$166="Physical")*('Monthly Occurrences (Support)'!$AB$4:$AB$166)) -> 36
A9: EAST 306 | B9: =SUMPRODUCT(('Monthly Occurrences (Support)'!$C$4:$C$166=$A9)*('Monthly Occurrences (Support)'!$D$4:$D$166="Physical")*('Monthly Occurrences (Support)'!$G$4:$G$166)) -> 0 | C9: =SUMPRODUCT(('Monthly Occurrences (Support)'!$C$4:$C$166=$A9)*('Monthly Occurrences (Support)'!$D$4:$D$166="Physical")*('Monthly Occurrences (Support)'!$H$4:$H$166)) -> 0 | D9: =SUMPRODUCT(('Monthly Occurrences (Support)'!$C$4:$C$166=$A9)*('Monthly Occurrences (Support)'!$D$4:$D$166="Physical")*('Monthly Occurrences (Support)'!$I$4:$I$166)) -> 0 | E9: =SUMPRODUCT(('Monthly Occurrences (Support)'!$C$4:$C$166=$A9)*('Monthly Occurrences (Support)'!$D$4:$D$166="Physical")*('Monthly Occurrences (Support)'!$J$4:$J$166)) -> 0 | F9: =SUMPRODUCT(('Monthly Occurrences (Support)'!$C$4:$C$166=$A9)*('Monthly Occurrences (Support)'!$D$4:$D$166="Physical")*('Monthly Occurrences (Support)'!$K$4:$K$166)) -> 11 | G9: =SUMPRODUCT(('Monthly Occurrences (Support)'!$C$4:$C$166=$A9)*('Monthly Occurrences (Support)'!$D$4:$D$166="Physical")*('Monthly Occurrences (Support)'!$L$4:$L$166)) -> 17 | H9: =SUMPRODUCT(('Monthly Occurrences (Support)'!$C$4:$C$166=$A9)*('Monthly Occurrences (Support)'!$D$4:$D$166="Physical")*('Monthly Occurrences (Support)'!$M$4:$M$166)) -> 16 | I9: =SUMPRODUCT(('Monthly Occurrences (Support)'!$C$4:$C$166=$A9)*('Monthly Occurrences (Support)'!$D$4:$D$166="Physical")*('Monthly Occurrences (Support)'!$N$4:$N$166)) -> 19 | J9: =SUMPRODUCT(('Monthly Occurrences (Support)'!$C$4:$C$166=$A9)*('Monthly Occurrences (Support)'!$D$4:$D$166="Physical")*('Monthly Occurrences (Support)'!$O$4:$O$166)) -> 19 | K9: =SUMPRODUCT(('Monthly Occurrences (Support)'!$C$4:$C$166=$A9)*('Monthly Occurrences (Support)'!$D$4:$D$166="Physical")*('Monthly Occurrences (Support)'!$P$4:$P$166)) -> 9 | L9: =SUMPRODUCT(('Monthly Occurrences (Support)'!$C$4:$C$166=$A9)*('Monthly Occurrences (Support)'!$D$4:$D$166="Physical")*('Monthly Occurrences (Support)'!$Q$4:$Q$166)) -> 9 | M9: =SUMPRODUCT(('Monthly Occurrences (Support)'!$C$4:$C$166=$A9)*('Monthly Occurrences (Support)'!$D$4:$D$166="Physical")*('Monthly Occurrences (Support)'!$R$4:$R$166)) -> 9 | N9: =SUMPRODUCT(('Monthly Occurrences (Support)'!$C$4:$C$166=$A9)*('Monthly Occurrences (Support)'!$D$4:$D$166="Physical")*('Monthly Occurrences (Support)'!$S$4:$S$166)) -> 8 | O9: =SUMPRODUCT(('Monthly Occurrences (Support)'!$C$4:$C$166=$A9)*('Monthly Occurrences (Support)'!$D$4:$D$166="Physical")*('Monthly Occurrences (Support)'!$T$4:$T$166)) -> 3 | P9: =SUMPRODUCT(('Monthly Occurrences (Support)'!$C$4:$C$166=$A9)*('Monthly Occurrences (Support)'!$D$4:$D$166="Physical")*('Monthly Occurrences (Support)'!$U$4:$U$166)) -> 0 | Q9: =SUMPRODUCT(('Monthly Occurrences (Support)'!$C$4:$C$166=$A9)*('Monthly Occurrences (Support)'!$D$4:$D$166="Physical")*('Monthly Occurrences (Support)'!$V$4:$V$166)) -> 0 | R9: =SUMPRODUCT(('Monthly Occurrences (Support)'!$C$4:$C$166=$A9)*('Monthly Occurrences (Support)'!$D$4:$D$166="Physical")*('Monthly Occurrences (Support)'!$W$4:$W$166)) -> 0 | S9: =SUMPRODUCT(('Monthly Occurrences (Support)'!$C$4:$C$166=$A9)*('Monthly Occurrences (Support)'!$D$4:$D$166="Physical")*('Monthly Occurrences (Support)'!$X$4:$X$166)) -> 0 | T9: =SUMPRODUCT(('Monthly Occurrences (Support)'!$C$4:$C$166=$A9)*('Monthly Occurrences (Support)'!$D$4:$D$166="Physical")*('Monthly Occurrences (Support)'!$Y$4:$Y$166)) -> 0 | U9: =SUMPRODUCT(('Monthly Occurrences (Support)'!$C$4:$C$166=$A9)*('Monthly Occurrences (Support)'!$D$4:$D$166="Physical")*('Monthly Occurrences (Support)'!$Z$4:$Z$166)) -> 0 | V9: =SUMPRODUCT(('Monthly Occurrences (Support)'!$C$4:$C$166=$A9)*('Monthly Occurrences (Support)'!$D$4:$D$166="Physical")*('Monthly Occurrences (Support)'!$AA$4:$AA$166)) -> 0 | W9: =SUMPRODUCT(('Monthly Occurrences (Support)'!$C$4:$C$166=$A9)*('Monthly Occurrences (Support)'!$D$4:$D$166="Physical")*('Monthly Occurrences (Support)'!$AB$4:$AB$166)) -> 0
A10: EAST 307 | B10: =SUMPRODUCT(('Monthly Occurrences (Support)'!$C$4:$C$166=$A10)*('Monthly Occurrences (Support)'!$D$4:$D$166="Physical")*('Monthly Occurrences (Support)'!$G$4:$G$166)) -> 0 | C10: =SUMPRODUCT(('Monthly Occurrences (Support)'!$C$4:$C$166=$A10)*('Monthly Occurrences (Support)'!$D$4:$D$166="Physical")*('Monthly Occurrences (Support)'!$H$4:$H$166)) -> 0 | D10: =SUMPRODUCT(('Monthly Occurrences (Support)'!$C$4:$C$166=$A10)*('Monthly Occurrences (Support)'!$D$4:$D$166="Physical")*('Monthly Occurrences (Support)'!$I$4:$I$166)) -> 0 | E10: =SUMPRODUCT(('Monthly Occurrences (Support)'!$C$4:$C$166=$A10)*('Monthly Occurrences (Support)'!$D$4:$D$166="Physical")*('Monthly Occurrences (Support)'!$J$4:$J$166)) -> 0 | F10: =SUMPRODUCT(('Monthly Occurrences (Support)'!$C$4:$C$166=$A10)*('Monthly Occurrences (Support)'!$D$4:$D$166="Physical")*('Monthly Occurrences (Support)'!$K$4:$K$166)) -> 0 | G10: =SUMPRODUCT(('Monthly Occurrences (Support)'!$C$4:$C$166=$A10)*('Monthly Occurrences (Support)'!$D$4:$D$166="Physical")*('Monthly Occurrences (Support)'!$L$4:$L$166)) -> 0 | H10: =SUMPRODUCT(('Monthly Occurrences (Support)'!$C$4:$C$166=$A10)*('Monthly Occurrences (Support)'!$D$4:$D$166="Physical")*('Monthly Occurrences (Support)'!$M$4:$M$166)) -> 0 | I10: =SUMPRODUCT(('Monthly Occurrences (Support)'!$C$4:$C$166=$A10)*('Monthly Occurrences (Support)'!$D$4:$D$166="Physical")*('Monthly Occurrences (Support)'!$N$4:$N$166)) -> 0 | J10: =SUMPRODUCT(('Monthly Occurrences (Support)'!$C$4:$C$166=$A10)*('Monthly Occurrences (Support)'!$D$4:$D$166="Physical")*('Monthly Occurrences (Support)'!$O$4:$O$166)) -> 0 | K10: =SUMPRODUCT(('Monthly Occurrences (Support)'!$C$4:$C$166=$A10)*('Monthly Occurrences (Support)'!$D$4:$D$166="Physical")*('Monthly Occurrences (Support)'!$P$4:$P$166)) -> 0 | L10: =SUMPRODUCT(('Monthly Occurrences (Support)'!$C$4:$C$166=$A10)*('Monthly Occurrences (Support)'!$D$4:$D$166="Physical")*('Monthly Occurrences (Support)'!$Q$4:$Q$166)) -> 0 | M10: =SUMPRODUCT(('Monthly Occurrences (Support)'!$C$4:$C$166=$A10)*('Monthly Occurrences (Support)'!$D$4:$D$166="Physical")*('Monthly Occurrences (Support)'!$R$4:$R$166)) -> 0 | N10: =SUMPRODUCT(('Monthly Occurrences (Support)'!$C$4:$C$166=$A10)*('Monthly Occurrences (Support)'!$D$4:$D$166="Physical")*('Monthly Occurrences (Support)'!$S$4:$S$166)) -> 0 | O10: =SUMPRODUCT(('Monthly Occurrences (Support)'!$C$4:$C$166=$A10)*('Monthly Occurrences (Support)'!$D$4:$D$166="Physical")*('Monthly Occurrences (Support)'!$T$4:$T$166)) -> 0 | P10: =SUMPRODUCT(('Monthly Occurrences (Support)'!$C$4:$C$166=$A10)*('Monthly Occurrences (Support)'!$D$4:$D$166="Physical")*('Monthly Occurrences (Support)'!$U$4:$U$166)) -> 0 | Q10: =SUMPRODUCT(('Monthly Occurrences (Support)'!$C$4:$C$166=$A10)*('Monthly Occurrences (Support)'!$D$4:$D$166="Physical")*('Monthly Occurrences (Support)'!$V$4:$V$166)) -> 0 | R10: =SUMPRODUCT(('Monthly Occurrences (Support)'!$C$4:$C$166=$A10)*('Monthly Occurrences (Support)'!$D$4:$D$166="Physical")*('Monthly Occurrences (Support)'!$W$4:$W$166)) -> 0 | S10: =SUMPRODUCT(('Monthly Occurrences (Support)'!$C$4:$C$166=$A10)*('Monthly Occurrences (Support)'!$D$4:$D$166="Physical")*('Monthly Occurrences (Support)'!$X$4:$X$166)) -> 0 | T10: =SUMPRODUCT(('Monthly Occurrences (Support)'!$C$4:$C$166=$A10)*('Monthly Occurrences (Support)'!$D$4:$D$166="Physical")*('Monthly Occurrences (Support)'!$Y$4:$Y$166)) -> 0 | U10: =SUMPRODUCT(('Monthly Occurrences (Support)'!$C$4:$C$166=$A10)*('Monthly Occurrences (Support)'!$D$4:$D$166="Physical")*('Monthly Occurrences (Support)'!$Z$4:$Z$166)) -> 0 | V10: =SUMPRODUCT(('Monthly Occurrences (Support)'!$C$4:$C$166=$A10)*('Monthly Occurrences (Support)'!$D$4:$D$166="Physical")*('Monthly Occurrences (Support)'!$AA$4:$AA$166)) -> 0 | W10: =SUMPRODUCT(('Monthly Occurrences (Support)'!$C$4:$C$166=$A10)*('Monthly Occurrences (Support)'!$D$4:$D$166="Physical")*('Monthly Occurrences (Support)'!$AB$4:$AB$166)) -> 0
A11: KITCHEN | B11: =SUMPRODUCT(('Monthly Occurrences (Support)'!$C$4:$C$166=$A11)*('Monthly Occurrences (Support)'!$D$4:$D$166="Physical")*('Monthly Occurrences (Support)'!$G$4:$G$166)) -> 0 | C11: =SUMPRODUCT(('Monthly Occurrences (Support)'!$C$4:$C$166=$A11)*('Monthly Occurrences (Support)'!$D$4:$D$166="Physical")*('Monthly Occurrences (Support)'!$H$4:$H$166)) -> 0 | D11: =SUMPRODUCT(('Monthly Occurrences (Support)'!$C$4:$C$166=$A11)*('Monthly Occurrences (Support)'!$D$4:$D$166="Physical")*('Monthly Occurrences (Support)'!$I$4:$I$166)) -> 0 | E11: =SUMPRODUCT(('Monthly Occurrences (Support)'!$C$4:$C$166=$A11)*('Monthly Occurrences (Support)'!$D$4:$D$166="Physical")*('Monthly Occurrences (Support)'!$J$4:$J$166)) -> 0 | F11: =SUMPRODUCT(('Monthly Occurrences (Support)'!$C$4:$C$166=$A11)*('Monthly Occurrences (Support)'!$D$4:$D$166="Physical")*('Monthly Occurrences (Support)'!$K$4:$K$166)) -> 2 | G11: =SUMPRODUCT(('Monthly Occurrences (Support)'!$C$4:$C$166=$A11)*('Monthly Occurrences (Support)'!$D$4:$D$166="Physical")*('Monthly Occurrences (Support)'!$L$4:$L$166)) -> 5 | H11: =SUMPRODUCT(('Monthly Occurrences (Support)'!$C$4:$C$166=$A11)*('Monthly Occurrences (Support)'!$D$4:$D$166="Physical")*('Monthly Occurrences (Support)'!$M$4:$M$166)) -> 4 | I11: =SUMPRODUCT(('Monthly Occurrences (Support)'!$C$4:$C$166=$A11)*('Monthly Occurrences (Support)'!$D$4:$D$166="Physical")*('Monthly Occurrences (Support)'!$N$4:$N$166)) -> 4 | J11: =SUMPRODUCT(('Monthly Occurrences (Support)'!$C$4:$C$166=$A11)*('Monthly Occurrences (Support)'!$D$4:$D$166="Physical")*('Monthly Occurrences (Support)'!$O$4:$O$166)) -> 4 | K11: =SUMPRODUCT(('Monthly Occurrences (Support)'!$C$4:$C$166=$A11)*('Monthly Occurrences (Support)'!$D$4:$D$166="Physical")*('Monthly Occurrences (Support)'!$P$4:$P$166)) -> 0 | L11: =SUMPRODUCT(('Monthly Occurrences (Support)'!$C$4:$C$166=$A11)*('Monthly Occurrences (Support)'!$D$4:$D$166="Physical")*('Monthly Occurrences (Support)'!$Q$4:$Q$166)) -> 0 | M11: =SUMPRODUCT(('Monthly Occurrences (Support)'!$C$4:$C$166=$A11)*('Monthly Occurrences (Support)'!$D$4:$D$166="Physical")*('Monthly Occurrences (Support)'!$R$4:$R$166)) -> 0 | N11: =SUMPRODUCT(('Monthly Occurrences (Support)'!$C$4:$C$166=$A11)*('Monthly Occurrences (Support)'!$D$4:$D$166="Physical")*('Monthly Occurrences (Support)'!$S$4:$S$166)) -> 0 | O11: =SUMPRODUCT(('Monthly Occurrences (Support)'!$C$4:$C$166=$A11)*('Monthly Occurrences (Support)'!$D$4:$D$166="Physical")*('Monthly Occurrences (Support)'!$T$4:$T$166)) -> 0 | P11: =SUMPRODUCT(('Monthly Occurrences (Support)'!$C$4:$C$166=$A11)*('Monthly Occurrences (Support)'!$D$4:$D$166="Physical")*('Monthly Occurrences (Support)'!$U$4:$U$166)) -> 0 | Q11: =SUMPRODUCT(('Monthly Occurrences (Support)'!$C$4:$C$166=$A11)*('Monthly Occurrences (Support)'!$D$4:$D$166="Physical")*('Monthly Occurrences (Support)'!$V$4:$V$166)) -> 0 | R11: =SUMPRODUCT(('Monthly Occurrences (Support)'!$C$4:$C$166=$A11)*('Monthly Occurrences (Support)'!$D$4:$D$166="Physical")*('Monthly Occurrences (Support)'!$W$4:$W$166)) -> 0 | S11: =SUMPRODUCT(('Monthly Occurrences (Support)'!$C$4:$C$166=$A11)*('Monthly Occurrences (Support)'!$D$4:$D$166="Physical")*('Monthly Occurrences (Support)'!$X$4:$X$166)) -> 0 | T11: =SUMPRODUCT(('Monthly Occurrences (Support)'!$C$4:$C$166=$A11)*('Monthly Occurrences (Support)'!$D$4:$D$166="Physical")*('Monthly Occurrences (Support)'!$Y$4:$Y$166)) -> 0 | U11: =SUMPRODUCT(('Monthly Occurrences (Support)'!$C$4:$C$166=$A11)*('Monthly Occurrences (Support)'!$D$4:$D$166="Physical")*('Monthly Occurrences (Support)'!$Z$4:$Z$166)) -> 0 | V11: =SUMPRODUCT(('Monthly Occurrences (Support)'!$C$4:$C$166=$A11)*('Monthly Occurrences (Support)'!$D$4:$D$166="Physical")*('Monthly Occurrences (Support)'!$AA$4:$AA$166)) -> 0 | W11: =SUMPRODUCT(('Monthly Occurrences (Support)'!$C$4:$C$166=$A11)*('Monthly Occurrences (Support)'!$D$4:$D$166="Physical")*('Monthly Occurrences (Support)'!$AB$4:$AB$166)) -> 0
A12: Library | B12: =SUMPRODUCT(('Monthly Occurrences (Support)'!$C$4:$C$166=$A12)*('Monthly Occurrences (Support)'!$D$4:$D$166="Physical")*('Monthly Occurrences (Support)'!$G$4:$G$166)) -> 0 | C12: =SUMPRODUCT(('Monthly Occurrences (Support)'!$C$4:$C$166=$A12)*('Monthly Occurrences (Support)'!$D$4:$D$166="Physical")*('Monthly Occurrences (Support)'!$H$4:$H$166)) -> 0 | D12: =SUMPRODUCT(('Monthly Occurrences (Support)'!$C$4:$C$166=$A12)*('Monthly Occurrences (Support)'!$D$4:$D$166="Physical")*('Monthly Occurrences (Support)'!$I$4:$I$166)) -> 0 | E12: =SUMPRODUCT(('Monthly Occurrences (Support)'!$C$4:$C$166=$A12)*('Monthly Occurrences (Support)'!$D$4:$D$166="Physical")*('Monthly Occurrences (Support)'!$J$4:$J$166)) -> 0 | F12: =SUMPRODUCT(('Monthly Occurrences (Support)'!$C$4:$C$166=$A12)*('Monthly Occurrences (Support)'!$D$4:$D$166="Physical")*('Monthly Occurrences (Support)'!$K$4:$K$166)) -> 0 | G12: =SUMPRODUCT(('Monthly Occurrences (Support)'!$C$4:$C$166=$A12)*('Monthly Occurrences (Support)'!$D$4:$D$166="Physical")*('Monthly Occurrences (Support)'!$L$4:$L$166)) -> 0 | H12: =SUMPRODUCT(('Monthly Occurrences (Support)'!$C$4:$C$166=$A12)*('Monthly Occurrences (Support)'!$D$4:$D$166="Physical")*('Monthly Occurrences (Support)'!$M$4:$M$166)) -> 0 | I12: =SUMPRODUCT(('Monthly Occurrences (Support)'!$C$4:$C$166=$A12)*('Monthly Occurrences (Support)'!$D$4:$D$166="Physical")*('Monthly Occurrences (Support)'!$N$4:$N$166)) -> 0 | J12: =SUMPRODUCT(('Monthly Occurrences (Support)'!$C$4:$C$166=$A12)*('Monthly Occurrences (Support)'!$D$4:$D$166="Physical")*('Monthly Occurrences (Support)'!$O$4:$O$166)) -> 0 | K12: =SUMPRODUCT(('Monthly Occurrences (Support)'!$C$4:$C$166=$A12)*('Monthly Occurrences (Support)'!$D$4:$D$166="Physical")*('Monthly Occurrences (Support)'!$P$4:$P$166)) -> 0 | L12: =SUMPRODUCT(('Monthly Occurrences (Support)'!$C$4:$C$166=$A12)*('Monthly Occurrences (Support)'!$D$4:$D$166="Physical")*('Monthly Occurrences (Support)'!$Q$4:$Q$166)) -> 0 | M12: =SUMPRODUCT(('Monthly Occurrences (Support)'!$C$4:$C$166=$A12)*('Monthly Occurrences (Support)'!$D$4:$D$166="Physical")*('Monthly Occurrences (Support)'!$R$4:$R$166)) -> 0 | N12: =SUMPRODUCT(('Monthly Occurrences (Support)'!$C$4:$C$166=$A12)*('Monthly Occurrences (Support)'!$D$4:$D$166="Physical")*('Monthly Occurrences (Support)'!$S$4:$S$166)) -> 0 | O12: =SUMPRODUCT(('Monthly Occurrences (Support)'!$C$4:$C$166=$A12)*('Monthly Occurrences (Support)'!$D$4:$D$166="Physical")*('Monthly Occurrences (Support)'!$T$4:$T$166)) -> 0 | P12: =SUMPRODUCT(('Monthly Occurrences (Support)'!$C$4:$C$166=$A12)*('Monthly Occurrences (Support)'!$D$4:$D$166="Physical")*('Monthly Occurrences (Support)'!$U$4:$U$166)) -> 0 | Q12: =SUMPRODUCT(('Monthly Occurrences (Support)'!$C$4:$C$166=$A12)*('Monthly Occurrences (Support)'!$D$4:$D$166="Physical")*('Monthly Occurrences (Support)'!$V$4:$V$166)) -> 0 | R12: =SUMPRODUCT(('Monthly Occurrences (Support)'!$C$4:$C$166=$A12)*('Monthly Occurrences (Support)'!$D$4:$D$166="Physical")*('Monthly Occurrences (Support)'!$W$4:$W$166)) -> 0 | S12: =SUMPRODUCT(('Monthly Occurrences (Support)'!$C$4:$C$166=$A12)*('Monthly Occurrences (Support)'!$D$4:$D$166="Physical")*('Monthly Occurrences (Support)'!$X$4:$X$166)) -> 0 | T12: =SUMPRODUCT(('Monthly Occurrences (Support)'!$C$4:$C$166=$A12)*('Monthly Occurrences (Support)'!$D$4:$D$166="Physical")*('Monthly Occurrences (Support)'!$Y$4:$Y$166)) -> 0 | U12: =SUMPRODUCT(('Monthly Occurrences (Support)'!$C$4:$C$166=$A12)*('Monthly Occurrences (Support)'!$D$4:$D$166="Physical")*('Monthly Occurrences (Support)'!$Z$4:$Z$166)) -> 0 | V12: =SUMPRODUCT(('Monthly Occurrences (Support)'!$C$4:$C$166=$A12)*('Monthly Occurrences (Support)'!$D$4:$D$166="Physical")*('Monthly Occurrences (Support)'!$AA$4:$AA$166)) -> 0 | W12: =SUMPRODUCT(('Monthly Occurrences (Support)'!$C$4:$C$166=$A12)*('Monthly Occurrences (Support)'!$D$4:$D$166="Physical")*('Monthly Occurrences (Support)'!$AB$4:$AB$166)) -> 0
A13: MAIN BOARD ROOM | B13: =SUMPRODUCT(('Monthly Occurrences (Support)'!$C$4:$C$166=$A13)*('Monthly Occurrences (Support)'!$D$4:$D$166="Physical")*('Monthly Occurrences (Support)'!$G$4:$G$166)) -> 0 | C13: =SUMPRODUCT(('Monthly Occurrences (Support)'!$C$4:$C$166=$A13)*('Monthly Occurrences (Support)'!$D$4:$D$166="Physical")*('Monthly Occurrences (Support)'!$H$4:$H$166)) -> 0 | D13: =SUMPRODUCT(('Monthly Occurrences (Support)'!$C$4:$C$166=$A13)*('Monthly Occurrences (Support)'!$D$4:$D$166="Physical")*('Monthly Occurrences (Support)'!$I$4:$I$166)) -> 0 | E13: =SUMPRODUCT(('Monthly Occurrences (Support)'!$C$4:$C$166=$A13)*('Monthly Occurrences (Support)'!$D$4:$D$166="Physical")*('Monthly Occurrences (Support)'!$J$4:$J$166)) -> 0 | F13: =SUMPRODUCT(('Monthly Occurrences (Support)'!$C$4:$C$166=$A13)*('Monthly Occurrences (Support)'!$D$4:$D$166="Physical")*('Monthly Occurrences (Support)'!$K$4:$K$166)) -> 0 | G13: =SUMPRODUCT(('Monthly Occurrences (Support)'!$C$4:$C$166=$A13)*('Monthly Occurrences (Support)'!$D$4:$D$166="Physical")*('Monthly Occurrences (Support)'!$L$4:$L$166)) -> 4 | H13: =SUMPRODUCT(('Monthly Occurrences (Support)'!$C$4:$C$166=$A13)*('Monthly Occurrences (Support)'!$D$4:$D$166="Physical")*('Monthly Occurrences (Support)'!$M$4:$M$166)) -> 5 | I13: =SUMPRODUCT(('Monthly Occurrences (Support)'!$C$4:$C$166=$A13)*('Monthly Occurrences (Support)'!$D$4:$D$166="Physical")*('Monthly Occurrences (Support)'!$N$4:$N$166)) -> 7 | J13: =SUMPRODUCT(('Monthly Occurrences (Support)'!$C$4:$C$166=$A13)*('Monthly Occurrences (Support)'!$D$4:$D$166="Physical")*('Monthly Occurrences (Support)'!$O$4:$O$166)) -> 8 | K13: =SUMPRODUCT(('Monthly Occurrences (Support)'!$C$4:$C$166=$A13)*('Monthly Occurrences (Support)'!$D$4:$D$166="Physical")*('Monthly Occurrences (Support)'!$P$4:$P$166)) -> 10 | L13: =SUMPRODUCT(('Monthly Occurrences (Support)'!$C$4:$C$166=$A13)*('Monthly Occurrences (Support)'!$D$4:$D$166="Physical")*('Monthly Occurrences (Support)'!$Q$4:$Q$166)) -> 7 | M13: =SUMPRODUCT(('Monthly Occurrences (Support)'!$C$4:$C$166=$A13)*('Monthly Occurrences (Support)'!$D$4:$D$166="Physical")*('Monthly Occurrences (Support)'!$R$4:$R$166)) -> 5 | N13: =SUMPRODUCT(('Monthly Occurrences (Support)'!$C$4:$C$166=$A13)*('Monthly Occurrences (Support)'!$D$4:$D$166="Physical")*('Monthly Occurrences (Support)'!$S$4:$S$166)) -> 4 | O13: =SUMPRODUCT(('Monthly Occurrences (Support)'!$C$4:$C$166=$A13)*('Monthly Occurrences (Support)'!$D$4:$D$166="Physical")*('Monthly Occurrences (Support)'!$T$4:$T$166)) -> 0 | P13: =SUMPRODUCT(('Monthly Occurrences (Support)'!$C$4:$C$166=$A13)*('Monthly Occurrences (Support)'!$D$4:$D$166="Physical")*('Monthly Occurrences (Support)'!$U$4:$U$166)) -> 0 | Q13: =SUMPRODUCT(('Monthly Occurrences (Support)'!$C$4:$C$166=$A13)*('Monthly Occurrences (Support)'!$D$4:$D$166="Physical")*('Monthly Occurrences (Support)'!$V$4:$V$166)) -> 0 | R13: =SUMPRODUCT(('Monthly Occurrences (Support)'!$C$4:$C$166=$A13)*('Monthly Occurrences (Support)'!$D$4:$D$166="Physical")*('Monthly Occurrences (Support)'!$W$4:$W$166)) -> 0 | S13: =SUMPRODUCT(('Monthly Occurrences (Support)'!$C$4:$C$166=$A13)*('Monthly Occurrences (Support)'!$D$4:$D$166="Physical")*('Monthly Occurrences (Support)'!$X$4:$X$166)) -> 0 | T13: =SUMPRODUCT(('Monthly Occurrences (Support)'!$C$4:$C$166=$A13)*('Monthly Occurrences (Support)'!$D$4:$D$166="Physical")*('Monthly Occurrences (Support)'!$Y$4:$Y$166)) -> 0 | U13: =SUMPRODUCT(('Monthly Occurrences (Support)'!$C$4:$C$166=$A13)*('Monthly Occurrences (Support)'!$D$4:$D$166="Physical")*('Monthly Occurrences (Support)'!$Z$4:$Z$166)) -> 0 | V13: =SUMPRODUCT(('Monthly Occurrences (Support)'!$C$4:$C$166=$A13)*('Monthly Occurrences (Support)'!$D$4:$D$166="Physical")*('Monthly Occurrences (Support)'!$AA$4:$AA$166)) -> 0 | W13: =SUMPRODUCT(('Monthly Occurrences (Support)'!$C$4:$C$166=$A13)*('Monthly Occurrences (Support)'!$D$4:$D$166="Physical")*('Monthly Occurrences (Support)'!$AB$4:$AB$166)) -> 0
A14: MINI BOARD ROOM | B14: =SUMPRODUCT(('Monthly Occurrences (Support)'!$C$4:$C$166=$A14)*('Monthly Occurrences (Support)'!$D$4:$D$166="Physical")*('Monthly Occurrences (Support)'!$G$4:$G$166)) -> 0 | C14: =SUMPRODUCT(('Monthly Occurrences (Support)'!$C$4:$C$166=$A14)*('Monthly Occurrences (Support)'!$D$4:$D$166="Physical")*('Monthly Occurrences (Support)'!$H$4:$H$166)) -> 0 | D14: =SUMPRODUCT(('Monthly Occurrences (Support)'!$C$4:$C$166=$A14)*('Monthly Occurrences (Support)'!$D$4:$D$166="Physical")*('Monthly Occurrences (Support)'!$I$4:$I$166)) -> 0 | E14: =SUMPRODUCT(('Monthly Occurrences (Support)'!$C$4:$C$166=$A14)*('Monthly Occurrences (Support)'!$D$4:$D$166="Physical")*('Monthly Occurrences (Support)'!$J$4:$J$166)) -> 0 | F14: =SUMPRODUCT(('Monthly Occurrences (Support)'!$C$4:$C$166=$A14)*('Monthly Occurrences (Support)'!$D$4:$D$166="Physical")*('Monthly Occurrences (Support)'!$K$4:$K$166)) -> 0 | G14: =SUMPRODUCT(('Monthly Occurrences (Support)'!$C$4:$C$166=$A14)*('Monthly Occurrences (Support)'!$D$4:$D$166="Physical")*('Monthly Occurrences (Support)'!$L$4:$L$166)) -> 0 | H14: =SUMPRODUCT(('Monthly Occurrences (Support)'!$C$4:$C$166=$A14)*('Monthly Occurrences (Support)'!$D$4:$D$166="Physical")*('Monthly Occurrences (Support)'!$M$4:$M$166)) -> 0 | I14: =SUMPRODUCT(('Monthly Occurrences (Support)'!$C$4:$C$166=$A14)*('Monthly Occurrences (Support)'!$D$4:$D$166="Physical")*('Monthly Occurrences (Support)'!$N$4:$N$166)) -> 0 | J14: =SUMPRODUCT(('Monthly Occurrences (Support)'!$C$4:$C$166=$A14)*('Monthly Occurrences (Support)'!$D$4:$D$166="Physical")*('Monthly Occurrences (Support)'!$O$4:$O$166)) -> 1 | K14: =SUMPRODUCT(('Monthly Occurrences (Support)'!$C$4:$C$166=$A14)*('Monthly Occurrences (Support)'!$D$4:$D$166="Physical")*('Monthly Occurrences (Support)'!$P$4:$P$166)) -> 5 | L14: =SUMPRODUCT(('Monthly Occurrences (Support)'!$C$4:$C$166=$A14)*('Monthly Occurrences (Support)'!$D$4:$D$166="Physical")*('Monthly Occurrences (Support)'!$Q$4:$Q$166)) -> 4 | M14: =SUMPRODUCT(('Monthly Occurrences (Support)'!$C$4:$C$166=$A14)*('Monthly Occurrences (Support)'!$D$4:$D$166="Physical")*('Monthly Occurrences (Support)'!$R$4:$R$166)) -> 4 | N14: =SUMPRODUCT(('Monthly Occurrences (Support)'!$C$4:$C$166=$A14)*('Monthly Occurrences (Support)'!$D$4:$D$166="Physical")*('Monthly Occurrences (Support)'!$S$4:$S$166)) -> 5 | O14: =SUMPRODUCT(('Monthly Occurrences (Support)'!$C$4:$C$166=$A14)*('Monthly Occurrences (Support)'!$D$4:$D$166="Physical")*('Monthly Occurrences (Support)'!$T$4:$T$166)) -> 4 | P14: =SUMPRODUCT(('Monthly Occurrences (Support)'!$C$4:$C$166=$A14)*('Monthly Occurrences (Support)'!$D$4:$D$166="Physical")*('Monthly Occurrences (Support)'!$U$4:$U$166)) -> 2 | Q14: =SUMPRODUCT(('Monthly Occurrences (Support)'!$C$4:$C$166=$A14)*('Monthly Occurrences (Support)'!$D$4:$D$166="Physical")*('Monthly Occurrences (Support)'!$V$4:$V$166)) -> 0 | R14: =SUMPRODUCT(('Monthly Occurrences (Support)'!$C$4:$C$166=$A14)*('Monthly Occurrences (Support)'!$D$4:$D$166="Physical")*('Monthly Occurrences (Support)'!$W$4:$W$166)) -> 0 | S14: =SUMPRODUCT(('Monthly Occurrences (Support)'!$C$4:$C$166=$A14)*('Monthly Occurrences (Support)'!$D$4:$D$166="Physical")*('Monthly Occurrences (Support)'!$X$4:$X$166)) -> 0 | T14: =SUMPRODUCT(('Monthly Occurrences (Support)'!$C$4:$C$166=$A14)*('Monthly Occurrences (Support)'!$D$4:$D$166="Physical")*('Monthly Occurrences (Support)'!$Y$4:$Y$166)) -> 0 | U14: =SUMPRODUCT(('Monthly Occurrences (Support)'!$C$4:$C$166=$A14)*('Monthly Occurrences (Support)'!$D$4:$D$166="Physical")*('Monthly Occurrences (Support)'!$Z$4:$Z$166)) -> 0 | V14: =SUMPRODUCT(('Monthly Occurrences (Support)'!$C$4:$C$166=$A14)*('Monthly Occurrences (Support)'!$D$4:$D$166="Physical")*('Monthly Occurrences (Support)'!$AA$4:$AA$166)) -> 0 | W14: =SUMPRODUCT(('Monthly Occurrences (Support)'!$C$4:$C$166=$A14)*('Monthly Occurrences (Support)'!$D$4:$D$166="Physical")*('Monthly Occurrences (Support)'!$AB$4:$AB$166)) -> 0
A15: Next to Prof. Cabin | B15: =SUMPRODUCT(('Monthly Occurrences (Support)'!$C$4:$C$166=$A15)*('Monthly Occurrences (Support)'!$D$4:$D$166="Physical")*('Monthly Occurrences (Support)'!$G$4:$G$166)) -> 0 | C15: =SUMPRODUCT(('Monthly Occurrences (Support)'!$C$4:$C$166=$A15)*('Monthly Occurrences (Support)'!$D$4:$D$166="Physical")*('Monthly Occurrences (Support)'!$H$4:$H$166)) -> 0 | D15: =SUMPRODUCT(('Monthly Occurrences (Support)'!$C$4:$C$166=$A15)*('Monthly Occurrences (Support)'!$D$4:$D$166="Physical")*('Monthly Occurrences (Support)'!$I$4:$I$166)) -> 0 | E15: =SUMPRODUCT(('Monthly Occurrences (Support)'!$C$4:$C$166=$A15)*('Monthly Occurrences (Support)'!$D$4:$D$166="Physical")*('Monthly Occurrences (Support)'!$J$4:$J$166)) -> 0 | F15: =SUMPRODUCT(('Monthly Occurrences (Support)'!$C$4:$C$166=$A15)*('Monthly Occurrences (Support)'!$D$4:$D$166="Physical")*('Monthly Occurrences (Support)'!$K$4:$K$166)) -> 0 | G15: =SUMPRODUCT(('Monthly Occurrences (Support)'!$C$4:$C$166=$A15)*('Monthly Occurrences (Support)'!$D$4:$D$166="Physical")*('Monthly Occurrences (Support)'!$L$4:$L$166)) -> 0 | H15: =SUMPRODUCT(('Monthly Occurrences (Support)'!$C$4:$C$166=$A15)*('Monthly Occurrences (Support)'!$D$4:$D$166="Physical")*('Monthly Occurrences (Support)'!$M$4:$M$166)) -> 0 | I15: =SUMPRODUCT(('Monthly Occurrences (Support)'!$C$4:$C$166=$A15)*('Monthly Occurrences (Support)'!$D$4:$D$166="Physical")*('Monthly Occurrences (Support)'!$N$4:$N$166)) -> 0 | J15: =SUMPRODUCT(('Monthly Occurrences (Support)'!$C$4:$C$166=$A15)*('Monthly Occurrences (Support)'!$D$4:$D$166="Physical")*('Monthly Occurrences (Support)'!$O$4:$O$166)) -> 0 | K15: =SUMPRODUCT(('Monthly Occurrences (Support)'!$C$4:$C$166=$A15)*('Monthly Occurrences (Support)'!$D$4:$D$166="Physical")*('Monthly Occurrences (Support)'!$P$4:$P$166)) -> 0 | L15: =SUMPRODUCT(('Monthly Occurrences (Support)'!$C$4:$C$166=$A15)*('Monthly Occurrences (Support)'!$D$4:$D$166="Physical")*('Monthly Occurrences (Support)'!$Q$4:$Q$166)) -> 0 | M15: =SUMPRODUCT(('Monthly Occurrences (Support)'!$C$4:$C$166=$A15)*('Monthly Occurrences (Support)'!$D$4:$D$166="Physical")*('Monthly Occurrences (Support)'!$R$4:$R$166)) -> 0 | N15: =SUMPRODUCT(('Monthly Occurrences (Support)'!$C$4:$C$166=$A15)*('Monthly Occurrences (Support)'!$D$4:$D$166="Physical")*('Monthly Occurrences (Support)'!$S$4:$S$166)) -> 0 | O15: =SUMPRODUCT(('Monthly Occurrences (Support)'!$C$4:$C$166=$A15)*('Monthly Occurrences (Support)'!$D$4:$D$166="Physical")*('Monthly Occurrences (Support)'!$T$4:$T$166)) -> 0 | P15: =SUMPRODUCT(('Monthly Occurrences (Support)'!$C$4:$C$166=$A15)*('Monthly Occurrences (Support)'!$D$4:$D$166="Physical")*('Monthly Occurrences (Support)'!$U$4:$U$166)) -> 0 | Q15: =SUMPRODUCT(('Monthly Occurrences (Support)'!$C$4:$C$166=$A15)*('Monthly Occurrences (Support)'!$D$4:$D$166="Physical")*('Monthly Occurrences (Support)'!$V$4:$V$166)) -> 0 | R15: =SUMPRODUCT(('Monthly Occurrences (Support)'!$C$4:$C$166=$A15)*('Monthly Occurrences (Support)'!$D$4:$D$166="Physical")*('Monthly Occurrences (Support)'!$W$4:$W$166)) -> 0 | S15: =SUMPRODUCT(('Monthly Occurrences (Support)'!$C$4:$C$166=$A15)*('Monthly Occurrences (Support)'!$D$4:$D$166="Physical")*('Monthly Occurrences (Support)'!$X$4:$X$166)) -> 0 | T15: =SUMPRODUCT(('Monthly Occurrences (Support)'!$C$4:$C$166=$A15)*('Monthly Occurrences (Support)'!$D$4:$D$166="Physical")*('Monthly Occurrences (Support)'!$Y$4:$Y$166)) -> 0 | U15: =SUMPRODUCT(('Monthly Occurrences (Support)'!$C$4:$C$166=$A15)*('Monthly Occurrences (Support)'!$D$4:$D$166="Physical")*('Monthly Occurrences (Support)'!$Z$4:$Z$166)) -> 0 | V15: =SUMPRODUCT(('Monthly Occurrences (Support)'!$C$4:$C$166=$A15)*('Monthly Occurrences (Support)'!$D$4:$D$166="Physical")*('Monthly Occurrences (Support)'!$AA$4:$AA$166)) -> 0 | W15: =SUMPRODUCT(('Monthly Occurrences (Support)'!$C$4:$C$166=$A15)*('Monthly Occurrences (Support)'!$D$4:$D$166="Physical")*('Monthly Occurrences (Support)'!$AB$4:$AB$166)) -> 0
A16: TECH 001 | B16: =SUMPRODUCT(('Monthly Occurrences (Support)'!$C$4:$C$166=$A16)*('Monthly Occurrences (Support)'!$D$4:$D$166="Physical")*('Monthly Occurrences (Support)'!$G$4:$G$166)) -> 4 | C16: =SUMPRODUCT(('Monthly Occurrences (Support)'!$C$4:$C$166=$A16)*('Monthly Occurrences (Support)'!$D$4:$D$166="Physical")*('Monthly Occurrences (Support)'!$H$4:$H$166)) -> 4 | D16: =SUMPRODUCT(('Monthly Occurrences (Support)'!$C$4:$C$166=$A16)*('Monthly Occurrences (Support)'!$D$4:$D$166="Physical")*('Monthly Occurrences (Support)'!$I$4:$I$166)) -> 5 | E16: =SUMPRODUCT(('Monthly Occurrences (Support)'!$C$4:$C$166=$A16)*('Monthly Occurrences (Support)'!$D$4:$D$166="Physical")*('Monthly Occurrences (Support)'!$J$4:$J$166)) -> 4 | F16: =SUMPRODUCT(('Monthly Occurrences (Support)'!$C$4:$C$166=$A16)*('Monthly Occurrences (Support)'!$D$4:$D$166="Physical")*('Monthly Occurrences (Support)'!$K$4:$K$166)) -> 4 | G16: =SUMPRODUCT(('Monthly Occurrences (Support)'!$C$4:$C$166=$A16)*('Monthly Occurrences (Support)'!$D$4:$D$166="Physical")*('Monthly Occurrences (Support)'!$L$4:$L$166)) -> 5 | H16: =SUMPRODUCT(('Monthly Occurrences (Support)'!$C$4:$C$166=$A16)*('Monthly Occurrences (Support)'!$D$4:$D$166="Physical")*('Monthly Occurrences (Support)'!$M$4:$M$166)) -> 9 | I16: =SUMPRODUCT(('Monthly Occurrences (Support)'!$C$4:$C$166=$A16)*('Monthly Occurrences (Support)'!$D$4:$D$166="Physical")*('Monthly Occurrences (Support)'!$N$4:$N$166)) -> 13 | J16: =SUMPRODUCT(('Monthly Occurrences (Support)'!$C$4:$C$166=$A16)*('Monthly Occurrences (Support)'!$D$4:$D$166="Physical")*('Monthly Occurrences (Support)'!$O$4:$O$166)) -> 36 | K16: =SUMPRODUCT(('Monthly Occurrences (Support)'!$C$4:$C$166=$A16)*('Monthly Occurrences (Support)'!$D$4:$D$166="Physical")*('Monthly Occurrences (Support)'!$P$4:$P$166)) -> 43 | L16: =SUMPRODUCT(('Monthly Occurrences (Support)'!$C$4:$C$166=$A16)*('Monthly Occurrences (Support)'!$D$4:$D$166="Physical")*('Monthly Occurrences (Support)'!$Q$4:$Q$166)) -> 38 | M16: =SUMPRODUCT(('Monthly Occurrences (Support)'!$C$4:$C$166=$A16)*('Monthly Occurrences (Support)'!$D$4:$D$166="Physical")*('Monthly Occurrences (Support)'!$R$4:$R$166)) -> 39 | N16: =SUMPRODUCT(('Monthly Occurrences (Support)'!$C$4:$C$166=$A16)*('Monthly Occurrences (Support)'!$D$4:$D$166="Physical")*('Monthly Occurrences (Support)'!$S$4:$S$166)) -> 3 | O16: =SUMPRODUCT(('Monthly Occurrences (Support)'!$C$4:$C$166=$A16)*('Monthly Occurrences (Support)'!$D$4:$D$166="Physical")*('Monthly Occurrences (Support)'!$T$4:$T$166)) -> 0 | P16: =SUMPRODUCT(('Monthly Occurrences (Support)'!$C$4:$C$166=$A16)*('Monthly Occurrences (Support)'!$D$4:$D$166="Physical")*('Monthly Occurrences (Support)'!$U$4:$U$166)) -> 0 | Q16: =SUMPRODUCT(('Monthly Occurrences (Support)'!$C$4:$C$166=$A16)*('Monthly Occurrences (Support)'!$D$4:$D$166="Physical")*('Monthly Occurrences (Support)'!$V$4:$V$166)) -> 0 | R16: =SUMPRODUCT(('Monthly Occurrences (Support)'!$C$4:$C$166=$A16)*('Monthly Occurrences (Support)'!$D$4:$D$166="Physical")*('Monthly Occurrences (Support)'!$W$4:$W$166)) -> 0 | S16: =SUMPRODUCT(('Monthly Occurrences (Support)'!$C$4:$C$166=$A16)*('Monthly Occurrences (Support)'!$D$4:$D$166="Physical")*('Monthly Occurrences (Support)'!$X$4:$X$166)) -> 0 | T16: =SUMPRODUCT(('Monthly Occurrences (Support)'!$C$4:$C$166=$A16)*('Monthly Occurrences (Support)'!$D$4:$D$166="Physical")*('Monthly Occurrences (Support)'!$Y$4:$Y$166)) -> 0 | U16: =SUMPRODUCT(('Monthly Occurrences (Support)'!$C$4:$C$166=$A16)*('Monthly Occurrences (Support)'!$D$4:$D$166="Physical")*('Monthly Occurrences (Support)'!$Z$4:$Z$166)) -> 0 | V16: =SUMPRODUCT(('Monthly Occurrences (Support)'!$C$4:$C$166=$A16)*('Monthly Occurrences (Support)'!$D$4:$D$166="Physical")*('Monthly Occurrences (Support)'!$AA$4:$AA$166)) -> 0 | W16: =SUMPRODUCT(('Monthly Occurrences (Support)'!$C$4:$C$166=$A16)*('Monthly Occurrences (Support)'!$D$4:$D$166="Physical")*('Monthly Occurrences (Support)'!$AB$4:$AB$166)) -> 0
A17: TECH 002 | B17: =SUMPRODUCT(('Monthly Occurrences (Support)'!$C$4:$C$166=$A17)*('Monthly Occurrences (Support)'!$D$4:$D$166="Physical")*('Monthly Occurrences (Support)'!$G$4:$G$166)) -> 0 | C17: =SUMPRODUCT(('Monthly Occurrences (Support)'!$C$4:$C$166=$A17)*('Monthly Occurrences (Support)'!$D$4:$D$166="Physical")*('Monthly Occurrences (Support)'!$H$4:$H$166)) -> 0 | D17: =SUMPRODUCT(('Monthly Occurrences (Support)'!$C$4:$C$166=$A17)*('Monthly Occurrences (Support)'!$D$4:$D$166="Physical")*('Monthly Occurrences (Support)'!$I$4:$I$166)) -> 0 | E17: =SUMPRODUCT(('Monthly Occurrences (Support)'!$C$4:$C$166=$A17)*('Monthly Occurrences (Support)'!$D$4:$D$166="Physical")*('Monthly Occurrences (Support)'!$J$4:$J$166)) -> 0 | F17: =SUMPRODUCT(('Monthly Occurrences (Support)'!$C$4:$C$166=$A17)*('Monthly Occurrences (Support)'!$D$4:$D$166="Physical")*('Monthly Occurrences (Support)'!$K$4:$K$166)) -> 2 | G17: =SUMPRODUCT(('Monthly Occurrences (Support)'!$C$4:$C$166=$A17)*('Monthly Occurrences (Support)'!$D$4:$D$166="Physical")*('Monthly Occurrences (Support)'!$L$4:$L$166)) -> 7 | H17: =SUMPRODUCT(('Monthly Occurrences (Support)'!$C$4:$C$166=$A17)*('Monthly Occurrences (Support)'!$D$4:$D$166="Physical")*('Monthly Occurrences (Support)'!$M$4:$M$166)) -> 17 | I17: =SUMPRODUCT(('Monthly Occurrences (Support)'!$C$4:$C$166=$A17)*('Monthly Occurrences (Support)'!$D$4:$D$166="Physical")*('Monthly Occurrences (Support)'!$N$4:$N$166)) -> 21 | J17: =SUMPRODUCT(('Monthly Occurrences (Support)'!$C$4:$C$166=$A17)*('Monthly Occurrences (Support)'!$D$4:$D$166="Physical")*('Monthly Occurrences (Support)'!$O$4:$O$166)) -> 30 | K17: =SUMPRODUCT(('Monthly Occurrences (Support)'!$C$4:$C$166=$A17)*('Monthly Occurrences (Support)'!$D$4:$D$166="Physical")*('Monthly Occurrences (Support)'!$P$4:$P$166)) -> 25 | L17: =SUMPRODUCT(('Monthly Occurrences (Support)'!$C$4:$C$166=$A17)*('Monthly Occurrences (Support)'!$D$4:$D$166="Physical")*('Monthly Occurrences (Support)'!$Q$4:$Q$166)) -> 18 | M17: =SUMPRODUCT(('Monthly Occurrences (Support)'!$C$4:$C$166=$A17)*('Monthly Occurrences (Support)'!$D$4:$D$166="Physical")*('Monthly Occurrences (Support)'!$R$4:$R$166)) -> 14 | N17: =SUMPRODUCT(('Monthly Occurrences (Support)'!$C$4:$C$166=$A17)*('Monthly Occurrences (Support)'!$D$4:$D$166="Physical")*('Monthly Occurrences (Support)'!$S$4:$S$166)) -> 3 | O17: =SUMPRODUCT(('Monthly Occurrences (Support)'!$C$4:$C$166=$A17)*('Monthly Occurrences (Support)'!$D$4:$D$166="Physical")*('Monthly Occurrences (Support)'!$T$4:$T$166)) -> 0 | P17: =SUMPRODUCT(('Monthly Occurrences (Support)'!$C$4:$C$166=$A17)*('Monthly Occurrences (Support)'!$D$4:$D$166="Physical")*('Monthly Occurrences (Support)'!$U$4:$U$166)) -> 0 | Q17: =SUMPRODUCT(('Monthly Occurrences (Support)'!$C$4:$C$166=$A17)*('Monthly Occurrences (Support)'!$D$4:$D$166="Physical")*('Monthly Occurrences (Support)'!$V$4:$V$166)) -> 0 | R17: =SUMPRODUCT(('Monthly Occurrences (Support)'!$C$4:$C$166=$A17)*('Monthly Occurrences (Support)'!$D$4:$D$166="Physical")*('Monthly Occurrences (Support)'!$W$4:$W$166)) -> 0 | S17: =SUMPRODUCT(('Monthly Occurrences (Support)'!$C$4:$C$166=$A17)*('Monthly Occurrences (Support)'!$D$4:$D$166="Physical")*('Monthly Occurrences (Support)'!$X$4:$X$166)) -> 0 | T17: =SUMPRODUCT(('Monthly Occurrences (Support)'!$C$4:$C$166=$A17)*('Monthly Occurrences (Support)'!$D$4:$D$166="Physical")*('Monthly Occurrences (Support)'!$Y$4:$Y$166)) -> 0 | U17: =SUMPRODUCT(('Monthly Occurrences (Support)'!$C$4:$C$166=$A17)*('Monthly Occurrences (Support)'!$D$4:$D$166="Physical")*('Monthly Occurrences (Support)'!$Z$4:$Z$166)) -> 0 | V17: =SUMPRODUCT(('Monthly Occurrences (Support)'!$C$4:$C$166=$A17)*('Monthly Occurrences (Support)'!$D$4:$D$166="Physical")*('Monthly Occurrences (Support)'!$AA$4:$AA$166)) -> 0 | W17: =SUMPRODUCT(('Monthly Occurrences (Support)'!$C$4:$C$166=$A17)*('Monthly Occurrences (Support)'!$D$4:$D$166="Physical")*('Monthly Occurrences (Support)'!$AB$4:$AB$166)) -> 0
... A31: WEST 108 (New) | B31: =SUMPRODUCT(('Monthly Occurrences (Support)'!$C$4:$C$166=$A31)*('Monthly Occurrences (Support)'!$D$4:$D$166="Physical")*('Monthly Occurrences (Support)'!$G$4:$G$166)) -> 0 | C31: =SUMPRODUCT(('Monthly Occurrences (Support)'!$C$4:$C$166=$A31)*('Monthly Occurrences (Support)'!$D$4:$D$166="Physical")*('Monthly Occurrences (Support)'!$H$4:$H$166)) -> 0 | D31: =SUMPRODUCT(('Monthly Occurrences (Support)'!$C$4:$C$166=$A31)*('Monthly Occurrences (Support)'!$D$4:$D$166="Physical")*('Monthly Occurrences (Support)'!$I$4:$I$166)) -> 0 | E31: =SUMPRODUCT(('Monthly Occurrences (Support)'!$C$4:$C$166=$A31)*('Monthly Occurrences (Support)'!$D$4:$D$166="Physical")*('Monthly Occurrences (Support)'!$J$4:$J$166)) -> 0 | F31: =SUMPRODUCT(('Monthly Occurrences (Support)'!$C$4:$C$166=$A31)*('Monthly Occurrences (Support)'!$D$4:$D$166="Physical")*('Monthly Occurrences (Support)'!$K$4:$K$166)) -> 0 | G31: =SUMPRODUCT(('Monthly Occurrences (Support)'!$C$4:$C$166=$A31)*('Monthly Occurrences (Support)'!$D$4:$D$166="Physical")*('Monthly Occurrences (Support)'!$L$4:$L$166)) -> 0 | H31: =SUMPRODUCT(('Monthly Occurrences (Support)'!$C$4:$C$166=$A31)*('Monthly Occurrences (Support)'!$D$4:$D$166="Physical")*('Monthly Occurrences (Support)'!$M$4:$M$166)) -> 0 | I31: =SUMPRODUCT(('Monthly Occurrences (Support)'!$C$4:$C$166=$A31)*('Monthly Occurrences (Support)'!$D$4:$D$166="Physical")*('Monthly Occurrences (Support)'!$N$4:$N$166)) -> 0 | J31: =SUMPRODUCT(('Monthly Occurrences (Support)'!$C$4:$C$166=$A31)*('Monthly Occurrences (Support)'!$D$4:$D$166="Physical")*('Monthly Occurrences (Support)'!$O$4:$O$166)) -> 0 | K31: =SUMPRODUCT(('Monthly Occurrences (Support)'!$C$4:$C$166=$A31)*('Monthly Occurrences (Support)'!$D$4:$D$166="Physical")*('Monthly Occurrences (Support)'!$P$4:$P$166)) -> 0 | L31: =SUMPRODUCT(('Monthly Occurrences (Support)'!$C$4:$C$166=$A31)*('Monthly Occurrences (Support)'!$D$4:$D$166="Physical")*('Monthly Occurrences (Support)'!$Q$4:$Q$166)) -> 0 | M31: =SUMPRODUCT(('Monthly Occurrences (Support)'!$C$4:$C$166=$A31)*('Monthly Occurrences (Support)'!$D$4:$D$166="Physical")*('Monthly Occurrences (Support)'!$R$4:$R$166)) -> 0 | N31: =SUMPRODUCT(('Monthly Occurrences (Support)'!$C$4:$C$166=$A31)*('Monthly Occurrences (Support)'!$D$4:$D$166="Physical")*('Monthly Occurrences (Support)'!$S$4:$S$166)) -> 0 | O31: =SUMPRODUCT(('Monthly Occurrences (Support)'!$C$4:$C$166=$A31)*('Monthly Occurrences (Support)'!$D$4:$D$166="Physical")*('Monthly Occurrences (Support)'!$T$4:$T$166)) -> 0 | P31: =SUMPRODUCT(('Monthly Occurrences (Support)'!$C$4:$C$166=$A31)*('Monthly Occurrences (Support)'!$D$4:$D$166="Physical")*('Monthly Occurrences (Support)'!$U$4:$U$166)) -> 0 | Q31: =SUMPRODUCT(('Monthly Occurrences (Support)'!$C$4:$C$166=$A31)*('Monthly Occurrences (Support)'!$D$4:$D$166="Physical")*('Monthly Occurrences (Support)'!$V$4:$V$166)) -> 0 | R31: =SUMPRODUCT(('Monthly Occurrences (Support)'!$C$4:$C$166=$A31)*('Monthly Occurrences (Support)'!$D$4:$D$166="Physical")*('Monthly Occurrences (Support)'!$W$4:$W$166)) -> 0 | S31: =SUMPRODUCT(('Monthly Occurrences (Support)'!$C$4:$C$166=$A31)*('Monthly Occurrences (Support)'!$D$4:$D$166="Physical")*('Monthly Occurrences (Support)'!$X$4:$X$166)) -> 0 | T31: =SUMPRODUCT(('Monthly Occurrences (Support)'!$C$4:$C$166=$A31)*('Monthly Occurrences (Support)'!$D$4:$D$166="Physical")*('Monthly Occurrences (Support)'!$Y$4:$Y$166)) -> 0 | U31: =SUMPRODUCT(('Monthly Occurrences (Support)'!$C$4:$C$166=$A31)*('Monthly Occurrences (Support)'!$D$4:$D$166="Physical")*('Monthly Occurrences (Support)'!$Z$4:$Z$166)) -> 0 | V31: =SUMPRODUCT(('Monthly Occurrences (Support)'!$C$4:$C$166=$A31)*('Monthly Occurrences (Support)'!$D$4:$D$166="Physical")*('Monthly Occurrences (Support)'!$AA$4:$AA$166)) -> 0 | W31: =SUMPRODUCT(('Monthly Occurrences (Support)'!$C$4:$C$166=$A31)*('Monthly Occurrences (Support)'!$D$4:$D$166="Physical")*('Monthly Occurrences (Support)'!$AB$4:$AB$166)) -> 0
A32: Halls Used — Physical | B32: =COUNTIF(B6:B31,">0") -> 1 | C32: =COUNTIF(C6:C31,">0") -> 1 | D32: =COUNTIF(D6:D31,">0") -> 1 | E32: =COUNTIF(E6:E31,">0") -> 1 | F32: =COUNTIF(F6:F31,">0") -> 11 | G32: =COUNTIF(G6:G31,">0") -> 15 | H32: =COUNTIF(H6:H31,">0") -> 16 | I32: =COUNTIF(I6:I31,">0") -> 17 | ... W32: =COUNTIF(W6:W31,">0") -> 2
A33: Physical Gap (halls with no Physical session) | B33: =26-B32 -> 25 | C33: =26-C32 -> 25 | D33: =26-D32 -> 25 | E33: =26-E32 -> 25 | F33: =26-F32 -> 15 | G33: =26-G32 -> 11 | H33: =26-H32 -> 10 | I33: =26-I32 -> 9 | ... W33: =26-W32 -> 24
A35: HYBRID — Sessions per Month by Lecture Hall
A36: Lecture Hall | B36: 45962 | C36: 45992 | D36: 46023 | E36: 46054 | F36: 46082 | G36: 46113 | H36: 46143 | I36: 46174 | J36: 46204 | K36: 46235 | L36: 46266 | M36: 46296 | N36: 46327 | O36: 46357 | P36: 46388 | Q36: 46419 | R36: 46447 | S36: 46478 | T36: 46508 | U36: 46539 | V36: 46569 | W36: 46600
A37: AUDITORIUM | B37: =SUMPRODUCT(('Monthly Occurrences (Support)'!$C$4:$C$166=$A37)*('Monthly Occurrences (Support)'!$D$4:$D$166="Hybrid")*('Monthly Occurrences (Support)'!$G$4:$G$166)) -> 0 | C37: =SUMPRODUCT(('Monthly Occurrences (Support)'!$C$4:$C$166=$A37)*('Monthly Occurrences (Support)'!$D$4:$D$166="Hybrid")*('Monthly Occurrences (Support)'!$H$4:$H$166)) -> 0 | D37: =SUMPRODUCT(('Monthly Occurrences (Support)'!$C$4:$C$166=$A37)*('Monthly Occurrences (Support)'!$D$4:$D$166="Hybrid")*('Monthly Occurrences (Support)'!$I$4:$I$166)) -> 0 | E37: =SUMPRODUCT(('Monthly Occurrences (Support)'!$C$4:$C$166=$A37)*('Monthly Occurrences (Support)'!$D$4:$D$166="Hybrid")*('Monthly Occurrences (Support)'!$J$4:$J$166)) -> 0 | F37: =SUMPRODUCT(('Monthly Occurrences (Support)'!$C$4:$C$166=$A37)*('Monthly Occurrences (Support)'!$D$4:$D$166="Hybrid")*('Monthly Occurrences (Support)'!$K$4:$K$166)) -> 0 | G37: =SUMPRODUCT(('Monthly Occurrences (Support)'!$C$4:$C$166=$A37)*('Monthly Occurrences (Support)'!$D$4:$D$166="Hybrid")*('Monthly Occurrences (Support)'!$L$4:$L$166)) -> 4 | H37: =SUMPRODUCT(('Monthly Occurrences (Support)'!$C$4:$C$166=$A37)*('Monthly Occurrences (Support)'!$D$4:$D$166="Hybrid")*('Monthly Occurrences (Support)'!$M$4:$M$166)) -> 5 | I37: =SUMPRODUCT(('Monthly Occurrences (Support)'!$C$4:$C$166=$A37)*('Monthly Occurrences (Support)'!$D$4:$D$166="Hybrid")*('Monthly Occurrences (Support)'!$N$4:$N$166)) -> 4 | J37: =SUMPRODUCT(('Monthly Occurrences (Support)'!$C$4:$C$166=$A37)*('Monthly Occurrences (Support)'!$D$4:$D$166="Hybrid")*('Monthly Occurrences (Support)'!$O$4:$O$166)) -> 4 | K37: =SUMPRODUCT(('Monthly Occurrences (Support)'!$C$4:$C$166=$A37)*('Monthly Occurrences (Support)'!$D$4:$D$166="Hybrid")*('Monthly Occurrences (Support)'!$P$4:$P$166)) -> 5 | L37: =SUMPRODUCT(('Monthly Occurrences (Support)'!$C$4:$C$166=$A37)*('Monthly Occurrences (Support)'!$D$4:$D$166="Hybrid")*('Monthly Occurrences (Support)'!$Q$4:$Q$166)) -> 3 | M37: =SUMPRODUCT(('Monthly Occurrences (Support)'!$C$4:$C$166=$A37)*('Monthly Occurrences (Support)'!$D$4:$D$166="Hybrid")*('Monthly Occurrences (Support)'!$R$4:$R$166)) -> 0 | N37: =SUMPRODUCT(('Monthly Occurrences (Support)'!$C$4:$C$166=$A37)*('Monthly Occurrences (Support)'!$D$4:$D$166="Hybrid")*('Monthly Occurrences (Support)'!$S$4:$S$166)) -> 0 | O37: =SUMPRODUCT(('Monthly Occurrences (Support)'!$C$4:$C$166=$A37)*('Monthly Occurrences (Support)'!$D$4:$D$166="Hybrid")*('Monthly Occurrences (Support)'!$T$4:$T$166)) -> 0 | P37: =SUMPRODUCT(('Monthly Occurrences (Support)'!$C$4:$C$166=$A37)*('Monthly Occurrences (Support)'!$D$4:$D$166="Hybrid")*('Monthly Occurrences (Support)'!$U$4:$U$166)) -> 0 | Q37: =SUMPRODUCT(('Monthly Occurrences (Support)'!$C$4:$C$166=$A37)*('Monthly Occurrences (Support)'!$D$4:$D$166="Hybrid")*('Monthly Occurrences (Support)'!$V$4:$V$166)) -> 0 | R37: =SUMPRODUCT(('Monthly Occurrences (Support)'!$C$4:$C$166=$A37)*('Monthly Occurrences (Support)'!$D$4:$D$166="Hybrid")*('Monthly Occurrences (Support)'!$W$4:$W$166)) -> 0 | S37: =SUMPRODUCT(('Monthly Occurrences (Support)'!$C$4:$C$166=$A37)*('Monthly Occurrences (Support)'!$D$4:$D$166="Hybrid")*('Monthly Occurrences (Support)'!$X$4:$X$166)) -> 0 | T37: =SUMPRODUCT(('Monthly Occurrences (Support)'!$C$4:$C$166=$A37)*('Monthly Occurrences (Support)'!$D$4:$D$166="Hybrid")*('Monthly Occurrences (Support)'!$Y$4:$Y$166)) -> 0 | U37: =SUMPRODUCT(('Monthly Occurrences (Support)'!$C$4:$C$166=$A37)*('Monthly Occurrences (Support)'!$D$4:$D$166="Hybrid")*('Monthly Occurrences (Support)'!$Z$4:$Z$166)) -> 0 | V37: =SUMPRODUCT(('Monthly Occurrences (Support)'!$C$4:$C$166=$A37)*('Monthly Occurrences (Support)'!$D$4:$D$166="Hybrid")*('Monthly Occurrences (Support)'!$AA$4:$AA$166)) -> 0 | W37: =SUMPRODUCT(('Monthly Occurrences (Support)'!$C$4:$C$166=$A37)*('Monthly Occurrences (Support)'!$D$4:$D$166="Hybrid")*('Monthly Occurrences (Support)'!$AB$4:$AB$166)) -> 0
A38: EAST 304 | B38: =SUMPRODUCT(('Monthly Occurrences (Support)'!$C$4:$C$166=$A38)*('Monthly Occurrences (Support)'!$D$4:$D$166="Hybrid")*('Monthly Occurrences (Support)'!$G$4:$G$166)) -> 0 | C38: =SUMPRODUCT(('Monthly Occurrences (Support)'!$C$4:$C$166=$A38)*('Monthly Occurrences (Support)'!$D$4:$D$166="Hybrid")*('Monthly Occurrences (Support)'!$H$4:$H$166)) -> 0 | D38: =SUMPRODUCT(('Monthly Occurrences (Support)'!$C$4:$C$166=$A38)*('Monthly Occurrences (Support)'!$D$4:$D$166="Hybrid")*('Monthly Occurrences (Support)'!$I$4:$I$166)) -> 0 | E38: =SUMPRODUCT(('Monthly Occurrences (Support)'!$C$4:$C$166=$A38)*('Monthly Occurrences (Support)'!$D$4:$D$166="Hybrid")*('Monthly Occurrences (Support)'!$J$4:$J$166)) -> 0 | F38: =SUMPRODUCT(('Monthly Occurrences (Support)'!$C$4:$C$166=$A38)*('Monthly Occurrences (Support)'!$D$4:$D$166="Hybrid")*('Monthly Occurrences (Support)'!$K$4:$K$166)) -> 0 | G38: =SUMPRODUCT(('Monthly Occurrences (Support)'!$C$4:$C$166=$A38)*('Monthly Occurrences (Support)'!$D$4:$D$166="Hybrid")*('Monthly Occurrences (Support)'!$L$4:$L$166)) -> 0 | H38: =SUMPRODUCT(('Monthly Occurrences (Support)'!$C$4:$C$166=$A38)*('Monthly Occurrences (Support)'!$D$4:$D$166="Hybrid")*('Monthly Occurrences (Support)'!$M$4:$M$166)) -> 3 | I38: =SUMPRODUCT(('Monthly Occurrences (Support)'!$C$4:$C$166=$A38)*('Monthly Occurrences (Support)'!$D$4:$D$166="Hybrid")*('Monthly Occurrences (Support)'!$N$4:$N$166)) -> 5 | J38: =SUMPRODUCT(('Monthly Occurrences (Support)'!$C$4:$C$166=$A38)*('Monthly Occurrences (Support)'!$D$4:$D$166="Hybrid")*('Monthly Occurrences (Support)'!$O$4:$O$166)) -> 4 | K38: =SUMPRODUCT(('Monthly Occurrences (Support)'!$C$4:$C$166=$A38)*('Monthly Occurrences (Support)'!$D$4:$D$166="Hybrid")*('Monthly Occurrences (Support)'!$P$4:$P$166)) -> 2 | L38: =SUMPRODUCT(('Monthly Occurrences (Support)'!$C$4:$C$166=$A38)*('Monthly Occurrences (Support)'!$D$4:$D$166="Hybrid")*('Monthly Occurrences (Support)'!$Q$4:$Q$166)) -> 0 | M38: =SUMPRODUCT(('Monthly Occurrences (Support)'!$C$4:$C$166=$A38)*('Monthly Occurrences (Support)'!$D$4:$D$166="Hybrid")*('Monthly Occurrences (Support)'!$R$4:$R$166)) -> 0 | N38: =SUMPRODUCT(('Monthly Occurrences (Support)'!$C$4:$C$166=$A38)*('Monthly Occurrences (Support)'!$D$4:$D$166="Hybrid")*('Monthly Occurrences (Support)'!$S$4:$S$166)) -> 0 | O38: =SUMPRODUCT(('Monthly Occurrences (Support)'!$C$4:$C$166=$A38)*('Monthly Occurrences (Support)'!$D$4:$D$166="Hybrid")*('Monthly Occurrences (Support)'!$T$4:$T$166)) -> 0 | P38: =SUMPRODUCT(('Monthly Occurrences (Support)'!$C$4:$C$166=$A38)*('Monthly Occurrences (Support)'!$D$4:$D$166="Hybrid")*('Monthly Occurrences (Support)'!$U$4:$U$166)) -> 0 | Q38: =SUMPRODUCT(('Monthly Occurrences (Support)'!$C$4:$C$166=$A38)*('Monthly Occurrences (Support)'!$D$4:$D$166="Hybrid")*('Monthly Occurrences (Support)'!$V$4:$V$166)) -> 0 | R38: =SUMPRODUCT(('Monthly Occurrences (Support)'!$C$4:$C$166=$A38)*('Monthly Occurrences (Support)'!$D$4:$D$166="Hybrid")*('Monthly Occurrences (Support)'!$W$4:$W$166)) -> 0 | S38: =SUMPRODUCT(('Monthly Occurrences (Support)'!$C$4:$C$166=$A38)*('Monthly Occurrences (Support)'!$D$4:$D$166="Hybrid")*('Monthly Occurrences (Support)'!$X$4:$X$166)) -> 0 | T38: =SUMPRODUCT(('Monthly Occurrences (Support)'!$C$4:$C$166=$A38)*('Monthly Occurrences (Support)'!$D$4:$D$166="Hybrid")*('Monthly Occurrences (Support)'!$Y$4:$Y$166)) -> 0 | U38: =SUMPRODUCT(('Monthly Occurrences (Support)'!$C$4:$C$166=$A38)*('Monthly Occurrences (Support)'!$D$4:$D$166="Hybrid")*('Monthly Occurrences (Support)'!$Z$4:$Z$166)) -> 0 | V38: =SUMPRODUCT(('Monthly Occurrences (Support)'!$C$4:$C$166=$A38)*('Monthly Occurrences (Support)'!$D$4:$D$166="Hybrid")*('Monthly Occurrences (Support)'!$AA$4:$AA$166)) -> 0 | W38: =SUMPRODUCT(('Monthly Occurrences (Support)'!$C$4:$C$166=$A38)*('Monthly Occurrences (Support)'!$D$4:$D$166="Hybrid")*('Monthly Occurrences (Support)'!$AB$4:$AB$166)) -> 0
A39: EAST 305 | B39: =SUMPRODUCT(('Monthly Occurrences (Support)'!$C$4:$C$166=$A39)*('Monthly Occurrences (Support)'!$D$4:$D$166="Hybrid")*('Monthly Occurrences (Support)'!$G$4:$G$166)) -> 0 | C39: =SUMPRODUCT(('Monthly Occurrences (Support)'!$C$4:$C$166=$A39)*('Monthly Occurrences (Support)'!$D$4:$D$166="Hybrid")*('Monthly Occurrences (Support)'!$H$4:$H$166)) -> 0 | D39: =SUMPRODUCT(('Monthly Occurrences (Support)'!$C$4:$C$166=$A39)*('Monthly Occurrences (Support)'!$D$4:$D$166="Hybrid")*('Monthly Occurrences (Support)'!$I$4:$I$166)) -> 0 | E39: =SUMPRODUCT(('Monthly Occurrences (Support)'!$C$4:$C$166=$A39)*('Monthly Occurrences (Support)'!$D$4:$D$166="Hybrid")*('Monthly Occurrences (Support)'!$J$4:$J$166)) -> 0 | F39: =SUMPRODUCT(('Monthly Occurrences (Support)'!$C$4:$C$166=$A39)*('Monthly Occurrences (Support)'!$D$4:$D$166="Hybrid")*('Monthly Occurrences (Support)'!$K$4:$K$166)) -> 0 | G39: =SUMPRODUCT(('Monthly Occurrences (Support)'!$C$4:$C$166=$A39)*('Monthly Occurrences (Support)'!$D$4:$D$166="Hybrid")*('Monthly Occurrences (Support)'!$L$4:$L$166)) -> 0 | H39: =SUMPRODUCT(('Monthly Occurrences (Support)'!$C$4:$C$166=$A39)*('Monthly Occurrences (Support)'!$D$4:$D$166="Hybrid")*('Monthly Occurrences (Support)'!$M$4:$M$166)) -> 0 | I39: =SUMPRODUCT(('Monthly Occurrences (Support)'!$C$4:$C$166=$A39)*('Monthly Occurrences (Support)'!$D$4:$D$166="Hybrid")*('Monthly Occurrences (Support)'!$N$4:$N$166)) -> 0 | J39: =SUMPRODUCT(('Monthly Occurrences (Support)'!$C$4:$C$166=$A39)*('Monthly Occurrences (Support)'!$D$4:$D$166="Hybrid")*('Monthly Occurrences (Support)'!$O$4:$O$166)) -> 0 | K39: =SUMPRODUCT(('Monthly Occurrences (Support)'!$C$4:$C$166=$A39)*('Monthly Occurrences (Support)'!$D$4:$D$166="Hybrid")*('Monthly Occurrences (Support)'!$P$4:$P$166)) -> 0 | L39: =SUMPRODUCT(('Monthly Occurrences (Support)'!$C$4:$C$166=$A39)*('Monthly Occurrences (Support)'!$D$4:$D$166="Hybrid")*('Monthly Occurrences (Support)'!$Q$4:$Q$166)) -> 0 | M39: =SUMPRODUCT(('Monthly Occurrences (Support)'!$C$4:$C$166=$A39)*('Monthly Occurrences (Support)'!$D$4:$D$166="Hybrid")*('Monthly Occurrences (Support)'!$R$4:$R$166)) -> 0 | N39: =SUMPRODUCT(('Monthly Occurrences (Support)'!$C$4:$C$166=$A39)*('Monthly Occurrences (Support)'!$D$4:$D$166="Hybrid")*('Monthly Occurrences (Support)'!$S$4:$S$166)) -> 0 | O39: =SUMPRODUCT(('Monthly Occurrences (Support)'!$C$4:$C$166=$A39)*('Monthly Occurrences (Support)'!$D$4:$D$166="Hybrid")*('Monthly Occurrences (Support)'!$T$4:$T$166)) -> 0 | P39: =SUMPRODUCT(('Monthly Occurrences (Support)'!$C$4:$C$166=$A39)*('Monthly Occurrences (Support)'!$D$4:$D$166="Hybrid")*('Monthly Occurrences (Support)'!$U$4:$U$166)) -> 0 | Q39: =SUMPRODUCT(('Monthly Occurrences (Support)'!$C$4:$C$166=$A39)*('Monthly Occurrences (Support)'!$D$4:$D$166="Hybrid")*('Monthly Occurrences (Support)'!$V$4:$V$166)) -> 0 | R39: =SUMPRODUCT(('Monthly Occurrences (Support)'!$C$4:$C$166=$A39)*('Monthly Occurrences (Support)'!$D$4:$D$166="Hybrid")*('Monthly Occurrences (Support)'!$W$4:$W$166)) -> 0 | S39: =SUMPRODUCT(('Monthly Occurrences (Support)'!$C$4:$C$166=$A39)*('Monthly Occurrences (Support)'!$D$4:$D$166="Hybrid")*('Monthly Occurrences (Support)'!$X$4:$X$166)) -> 0 | T39: =SUMPRODUCT(('Monthly Occurrences (Support)'!$C$4:$C$166=$A39)*('Monthly Occurrences (Support)'!$D$4:$D$166="Hybrid")*('Monthly Occurrences (Support)'!$Y$4:$Y$166)) -> 0 | U39: =SUMPRODUCT(('Monthly Occurrences (Support)'!$C$4:$C$166=$A39)*('Monthly Occurrences (Support)'!$D$4:$D$166="Hybrid")*('Monthly Occurrences (Support)'!$Z$4:$Z$166)) -> 0 | V39: =SUMPRODUCT(('Monthly Occurrences (Support)'!$C$4:$C$166=$A39)*('Monthly Occurrences (Support)'!$D$4:$D$166="Hybrid")*('Monthly Occurrences (Support)'!$AA$4:$AA$166)) -> 0 | W39: =SUMPRODUCT(('Monthly Occurrences (Support)'!$C$4:$C$166=$A39)*('Monthly Occurrences (Support)'!$D$4:$D$166="Hybrid")*('Monthly Occurrences (Support)'!$AB$4:$AB$166)) -> 0
A40: EAST 306 | B40: =SUMPRODUCT(('Monthly Occurrences (Support)'!$C$4:$C$166=$A40)*('Monthly Occurrences (Support)'!$D$4:$D$166="Hybrid")*('Monthly Occurrences (Support)'!$G$4:$G$166)) -> 0 | C40: =SUMPRODUCT(('Monthly Occurrences (Support)'!$C$4:$C$166=$A40)*('Monthly Occurrences (Support)'!$D$4:$D$166="Hybrid")*('Monthly Occurrences (Support)'!$H$4:$H$166)) -> 0 | D40: =SUMPRODUCT(('Monthly Occurrences (Support)'!$C$4:$C$166=$A40)*('Monthly Occurrences (Support)'!$D$4:$D$166="Hybrid")*('Monthly Occurrences (Support)'!$I$4:$I$166)) -> 0 | E40: =SUMPRODUCT(('Monthly Occurrences (Support)'!$C$4:$C$166=$A40)*('Monthly Occurrences (Support)'!$D$4:$D$166="Hybrid")*('Monthly Occurrences (Support)'!$J$4:$J$166)) -> 0 | F40: =SUMPRODUCT(('Monthly Occurrences (Support)'!$C$4:$C$166=$A40)*('Monthly Occurrences (Support)'!$D$4:$D$166="Hybrid")*('Monthly Occurrences (Support)'!$K$4:$K$166)) -> 0 | G40: =SUMPRODUCT(('Monthly Occurrences (Support)'!$C$4:$C$166=$A40)*('Monthly Occurrences (Support)'!$D$4:$D$166="Hybrid")*('Monthly Occurrences (Support)'!$L$4:$L$166)) -> 1 | H40: =SUMPRODUCT(('Monthly Occurrences (Support)'!$C$4:$C$166=$A40)*('Monthly Occurrences (Support)'!$D$4:$D$166="Hybrid")*('Monthly Occurrences (Support)'!$M$4:$M$166)) -> 8 | I40: =SUMPRODUCT(('Monthly Occurrences (Support)'!$C$4:$C$166=$A40)*('Monthly Occurrences (Support)'!$D$4:$D$166="Hybrid")*('Monthly Occurrences (Support)'!$N$4:$N$166)) -> 8 | J40: =SUMPRODUCT(('Monthly Occurrences (Support)'!$C$4:$C$166=$A40)*('Monthly Occurrences (Support)'!$D$4:$D$166="Hybrid")*('Monthly Occurrences (Support)'!$O$4:$O$166)) -> 9 | K40: =SUMPRODUCT(('Monthly Occurrences (Support)'!$C$4:$C$166=$A40)*('Monthly Occurrences (Support)'!$D$4:$D$166="Hybrid")*('Monthly Occurrences (Support)'!$P$4:$P$166)) -> 7 | L40: =SUMPRODUCT(('Monthly Occurrences (Support)'!$C$4:$C$166=$A40)*('Monthly Occurrences (Support)'!$D$4:$D$166="Hybrid")*('Monthly Occurrences (Support)'!$Q$4:$Q$166)) -> 0 | M40: =SUMPRODUCT(('Monthly Occurrences (Support)'!$C$4:$C$166=$A40)*('Monthly Occurrences (Support)'!$D$4:$D$166="Hybrid")*('Monthly Occurrences (Support)'!$R$4:$R$166)) -> 0 | N40: =SUMPRODUCT(('Monthly Occurrences (Support)'!$C$4:$C$166=$A40)*('Monthly Occurrences (Support)'!$D$4:$D$166="Hybrid")*('Monthly Occurrences (Support)'!$S$4:$S$166)) -> 0 | O40: =SUMPRODUCT(('Monthly Occurrences (Support)'!$C$4:$C$166=$A40)*('Monthly Occurrences (Support)'!$D$4:$D$166="Hybrid")*('Monthly Occurrences (Support)'!$T$4:$T$166)) -> 0 | P40: =SUMPRODUCT(('Monthly Occurrences (Support)'!$C$4:$C$166=$A40)*('Monthly Occurrences (Support)'!$D$4:$D$166="Hybrid")*('Monthly Occurrences (Support)'!$U$4:$U$166)) -> 0 | Q40: =SUMPRODUCT(('Monthly Occurrences (Support)'!$C$4:$C$166=$A40)*('Monthly Occurrences (Support)'!$D$4:$D$166="Hybrid")*('Monthly Occurrences (Support)'!$V$4:$V$166)) -> 0 | R40: =SUMPRODUCT(('Monthly Occurrences (Support)'!$C$4:$C$166=$A40)*('Monthly Occurrences (Support)'!$D$4:$D$166="Hybrid")*('Monthly Occurrences (Support)'!$W$4:$W$166)) -> 0 | S40: =SUMPRODUCT(('Monthly Occurrences (Support)'!$C$4:$C$166=$A40)*('Monthly Occurrences (Support)'!$D$4:$D$166="Hybrid")*('Monthly Occurrences (Support)'!$X$4:$X$166)) -> 0 | T40: =SUMPRODUCT(('Monthly Occurrences (Support)'!$C$4:$C$166=$A40)*('Monthly Occurrences (Support)'!$D$4:$D$166="Hybrid")*('Monthly Occurrences (Support)'!$Y$4:$Y$166)) -> 0 | U40: =SUMPRODUCT(('Monthly Occurrences (Support)'!$C$4:$C$166=$A40)*('Monthly Occurrences (Support)'!$D$4:$D$166="Hybrid")*('Monthly Occurrences (Support)'!$Z$4:$Z$166)) -> 0 | V40: =SUMPRODUCT(('Monthly Occurrences (Support)'!$C$4:$C$166=$A40)*('Monthly Occurrences (Support)'!$D$4:$D$166="Hybrid")*('Monthly Occurrences (Support)'!$AA$4:$AA$166)) -> 0 | W40: =SUMPRODUCT(('Monthly Occurrences (Support)'!$C$4:$C$166=$A40)*('Monthly Occurrences (Support)'!$D$4:$D$166="Hybrid")*('Monthly Occurrences (Support)'!$AB$4:$AB$166)) -> 0
A41: EAST 307 | B41: =SUMPRODUCT(('Monthly Occurrences (Support)'!$C$4:$C$166=$A41)*('Monthly Occurrences (Support)'!$D$4:$D$166="Hybrid")*('Monthly Occurrences (Support)'!$G$4:$G$166)) -> 0 | C41: =SUMPRODUCT(('Monthly Occurrences (Support)'!$C$4:$C$166=$A41)*('Monthly Occurrences (Support)'!$D$4:$D$166="Hybrid")*('Monthly Occurrences (Support)'!$H$4:$H$166)) -> 0 | D41: =SUMPRODUCT(('Monthly Occurrences (Support)'!$C$4:$C$166=$A41)*('Monthly Occurrences (Support)'!$D$4:$D$166="Hybrid")*('Monthly Occurrences (Support)'!$I$4:$I$166)) -> 0 | E41: =SUMPRODUCT(('Monthly Occurrences (Support)'!$C$4:$C$166=$A41)*('Monthly Occurrences (Support)'!$D$4:$D$166="Hybrid")*('Monthly Occurrences (Support)'!$J$4:$J$166)) -> 0 | F41: =SUMPRODUCT(('Monthly Occurrences (Support)'!$C$4:$C$166=$A41)*('Monthly Occurrences (Support)'!$D$4:$D$166="Hybrid")*('Monthly Occurrences (Support)'!$K$4:$K$166)) -> 6 | G41: =SUMPRODUCT(('Monthly Occurrences (Support)'!$C$4:$C$166=$A41)*('Monthly Occurrences (Support)'!$D$4:$D$166="Hybrid")*('Monthly Occurrences (Support)'!$L$4:$L$166)) -> 16 | H41: =SUMPRODUCT(('Monthly Occurrences (Support)'!$C$4:$C$166=$A41)*('Monthly Occurrences (Support)'!$D$4:$D$166="Hybrid")*('Monthly Occurrences (Support)'!$M$4:$M$166)) -> 17 | I41: =SUMPRODUCT(('Monthly Occurrences (Support)'!$C$4:$C$166=$A41)*('Monthly Occurrences (Support)'!$D$4:$D$166="Hybrid")*('Monthly Occurrences (Support)'!$N$4:$N$166)) -> 18 | J41: =SUMPRODUCT(('Monthly Occurrences (Support)'!$C$4:$C$166=$A41)*('Monthly Occurrences (Support)'!$D$4:$D$166="Hybrid")*('Monthly Occurrences (Support)'!$O$4:$O$166)) -> 24 | K41: =SUMPRODUCT(('Monthly Occurrences (Support)'!$C$4:$C$166=$A41)*('Monthly Occurrences (Support)'!$D$4:$D$166="Hybrid")*('Monthly Occurrences (Support)'!$P$4:$P$166)) -> 14 | L41: =SUMPRODUCT(('Monthly Occurrences (Support)'!$C$4:$C$166=$A41)*('Monthly Occurrences (Support)'!$D$4:$D$166="Hybrid")*('Monthly Occurrences (Support)'!$Q$4:$Q$166)) -> 11 | M41: =SUMPRODUCT(('Monthly Occurrences (Support)'!$C$4:$C$166=$A41)*('Monthly Occurrences (Support)'!$D$4:$D$166="Hybrid")*('Monthly Occurrences (Support)'!$R$4:$R$166)) -> 6 | N41: =SUMPRODUCT(('Monthly Occurrences (Support)'!$C$4:$C$166=$A41)*('Monthly Occurrences (Support)'!$D$4:$D$166="Hybrid")*('Monthly Occurrences (Support)'!$S$4:$S$166)) -> 4 | O41: =SUMPRODUCT(('Monthly Occurrences (Support)'!$C$4:$C$166=$A41)*('Monthly Occurrences (Support)'!$D$4:$D$166="Hybrid")*('Monthly Occurrences (Support)'!$T$4:$T$166)) -> 1 | P41: =SUMPRODUCT(('Monthly Occurrences (Support)'!$C$4:$C$166=$A41)*('Monthly Occurrences (Support)'!$D$4:$D$166="Hybrid")*('Monthly Occurrences (Support)'!$U$4:$U$166)) -> 0 | Q41: =SUMPRODUCT(('Monthly Occurrences (Support)'!$C$4:$C$166=$A41)*('Monthly Occurrences (Support)'!$D$4:$D$166="Hybrid")*('Monthly Occurrences (Support)'!$V$4:$V$166)) -> 0 | R41: =SUMPRODUCT(('Monthly Occurrences (Support)'!$C$4:$C$166=$A41)*('Monthly Occurrences (Support)'!$D$4:$D$166="Hybrid")*('Monthly Occurrences (Support)'!$W$4:$W$166)) -> 0 | S41: =SUMPRODUCT(('Monthly Occurrences (Support)'!$C$4:$C$166=$A41)*('Monthly Occurrences (Support)'!$D$4:$D$166="Hybrid")*('Monthly Occurrences (Support)'!$X$4:$X$166)) -> 0 | T41: =SUMPRODUCT(('Monthly Occurrences (Support)'!$C$4:$C$166=$A41)*('Monthly Occurrences (Support)'!$D$4:$D$166="Hybrid")*('Monthly Occurrences (Support)'!$Y$4:$Y$166)) -> 0 | U41: =SUMPRODUCT(('Monthly Occurrences (Support)'!$C$4:$C$166=$A41)*('Monthly Occurrences (Support)'!$D$4:$D$166="Hybrid")*('Monthly Occurrences (Support)'!$Z$4:$Z$166)) -> 0 | V41: =SUMPRODUCT(('Monthly Occurrences (Support)'!$C$4:$C$166=$A41)*('Monthly Occurrences (Support)'!$D$4:$D$166="Hybrid")*('Monthly Occurrences (Support)'!$AA$4:$AA$166)) -> 0 | W41: =SUMPRODUCT(('Monthly Occurrences (Support)'!$C$4:$C$166=$A41)*('Monthly Occurrences (Support)'!$D$4:$D$166="Hybrid")*('Monthly Occurrences (Support)'!$AB$4:$AB$166)) -> 0
A42: KITCHEN | B42: =SUMPRODUCT(('Monthly Occurrences (Support)'!$C$4:$C$166=$A42)*('Monthly Occurrences (Support)'!$D$4:$D$166="Hybrid")*('Monthly Occurrences (Support)'!$G$4:$G$166)) -> 0 | C42: =SUMPRODUCT(('Monthly Occurrences (Support)'!$C$4:$C$166=$A42)*('Monthly Occurrences (Support)'!$D$4:$D$166="Hybrid")*('Monthly Occurrences (Support)'!$H$4:$H$166)) -> 0 | D42: =SUMPRODUCT(('Monthly Occurrences (Support)'!$C$4:$C$166=$A42)*('Monthly Occurrences (Support)'!$D$4:$D$166="Hybrid")*('Monthly Occurrences (Support)'!$I$4:$I$166)) -> 0 | E42: =SUMPRODUCT(('Monthly Occurrences (Support)'!$C$4:$C$166=$A42)*('Monthly Occurrences (Support)'!$D$4:$D$166="Hybrid")*('Monthly Occurrences (Support)'!$J$4:$J$166)) -> 0 | F42: =SUMPRODUCT(('Monthly Occurrences (Support)'!$C$4:$C$166=$A42)*('Monthly Occurrences (Support)'!$D$4:$D$166="Hybrid")*('Monthly Occurrences (Support)'!$K$4:$K$166)) -> 0 | G42: =SUMPRODUCT(('Monthly Occurrences (Support)'!$C$4:$C$166=$A42)*('Monthly Occurrences (Support)'!$D$4:$D$166="Hybrid")*('Monthly Occurrences (Support)'!$L$4:$L$166)) -> 0 | H42: =SUMPRODUCT(('Monthly Occurrences (Support)'!$C$4:$C$166=$A42)*('Monthly Occurrences (Support)'!$D$4:$D$166="Hybrid")*('Monthly Occurrences (Support)'!$M$4:$M$166)) -> 0 | I42: =SUMPRODUCT(('Monthly Occurrences (Support)'!$C$4:$C$166=$A42)*('Monthly Occurrences (Support)'!$D$4:$D$166="Hybrid")*('Monthly Occurrences (Support)'!$N$4:$N$166)) -> 0 | J42: =SUMPRODUCT(('Monthly Occurrences (Support)'!$C$4:$C$166=$A42)*('Monthly Occurrences (Support)'!$D$4:$D$166="Hybrid")*('Monthly Occurrences (Support)'!$O$4:$O$166)) -> 0 | K42: =SUMPRODUCT(('Monthly Occurrences (Support)'!$C$4:$C$166=$A42)*('Monthly Occurrences (Support)'!$D$4:$D$166="Hybrid")*('Monthly Occurrences (Support)'!$P$4:$P$166)) -> 0 | L42: =SUMPRODUCT(('Monthly Occurrences (Support)'!$C$4:$C$166=$A42)*('Monthly Occurrences (Support)'!$D$4:$D$166="Hybrid")*('Monthly Occurrences (Support)'!$Q$4:$Q$166)) -> 0 | M42: =SUMPRODUCT(('Monthly Occurrences (Support)'!$C$4:$C$166=$A42)*('Monthly Occurrences (Support)'!$D$4:$D$166="Hybrid")*('Monthly Occurrences (Support)'!$R$4:$R$166)) -> 0 | N42: =SUMPRODUCT(('Monthly Occurrences (Support)'!$C$4:$C$166=$A42)*('Monthly Occurrences (Support)'!$D$4:$D$166="Hybrid")*('Monthly Occurrences (Support)'!$S$4:$S$166)) -> 0 | O42: =SUMPRODUCT(('Monthly Occurrences (Support)'!$C$4:$C$166=$A42)*('Monthly Occurrences (Support)'!$D$4:$D$166="Hybrid")*('Monthly Occurrences (Support)'!$T$4:$T$166)) -> 0 | P42: =SUMPRODUCT(('Monthly Occurrences (Support)'!$C$4:$C$166=$A42)*('Monthly Occurrences (Support)'!$D$4:$D$166="Hybrid")*('Monthly Occurrences (Support)'!$U$4:$U$166)) -> 0 | Q42: =SUMPRODUCT(('Monthly Occurrences (Support)'!$C$4:$C$166=$A42)*('Monthly Occurrences (Support)'!$D$4:$D$166="Hybrid")*('Monthly Occurrences (Support)'!$V$4:$V$166)) -> 0 | R42: =SUMPRODUCT(('Monthly Occurrences (Support)'!$C$4:$C$166=$A42)*('Monthly Occurrences (Support)'!$D$4:$D$166="Hybrid")*('Monthly Occurrences (Support)'!$W$4:$W$166)) -> 0 | S42: =SUMPRODUCT(('Monthly Occurrences (Support)'!$C$4:$C$166=$A42)*('Monthly Occurrences (Support)'!$D$4:$D$166="Hybrid")*('Monthly Occurrences (Support)'!$X$4:$X$166)) -> 0 | T42: =SUMPRODUCT(('Monthly Occurrences (Support)'!$C$4:$C$166=$A42)*('Monthly Occurrences (Support)'!$D$4:$D$166="Hybrid")*('Monthly Occurrences (Support)'!$Y$4:$Y$166)) -> 0 | U42: =SUMPRODUCT(('Monthly Occurrences (Support)'!$C$4:$C$166=$A42)*('Monthly Occurrences (Support)'!$D$4:$D$166="Hybrid")*('Monthly Occurrences (Support)'!$Z$4:$Z$166)) -> 0 | V42: =SUMPRODUCT(('Monthly Occurrences (Support)'!$C$4:$C$166=$A42)*('Monthly Occurrences (Support)'!$D$4:$D$166="Hybrid")*('Monthly Occurrences (Support)'!$AA$4:$AA$166)) -> 0 | W42: =SUMPRODUCT(('Monthly Occurrences (Support)'!$C$4:$C$166=$A42)*('Monthly Occurrences (Support)'!$D$4:$D$166="Hybrid")*('Monthly Occurrences (Support)'!$AB$4:$AB$166)) -> 0
A43: Library | B43: =SUMPRODUCT(('Monthly Occurrences (Support)'!$C$4:$C$166=$A43)*('Monthly Occurrences (Support)'!$D$4:$D$166="Hybrid")*('Monthly Occurrences (Support)'!$G$4:$G$166)) -> 0 | C43: =SUMPRODUCT(('Monthly Occurrences (Support)'!$C$4:$C$166=$A43)*('Monthly Occurrences (Support)'!$D$4:$D$166="Hybrid")*('Monthly Occurrences (Support)'!$H$4:$H$166)) -> 0 | D43: =SUMPRODUCT(('Monthly Occurrences (Support)'!$C$4:$C$166=$A43)*('Monthly Occurrences (Support)'!$D$4:$D$166="Hybrid")*('Monthly Occurrences (Support)'!$I$4:$I$166)) -> 0 | E43: =SUMPRODUCT(('Monthly Occurrences (Support)'!$C$4:$C$166=$A43)*('Monthly Occurrences (Support)'!$D$4:$D$166="Hybrid")*('Monthly Occurrences (Support)'!$J$4:$J$166)) -> 0 | F43: =SUMPRODUCT(('Monthly Occurrences (Support)'!$C$4:$C$166=$A43)*('Monthly Occurrences (Support)'!$D$4:$D$166="Hybrid")*('Monthly Occurrences (Support)'!$K$4:$K$166)) -> 0 | G43: =SUMPRODUCT(('Monthly Occurrences (Support)'!$C$4:$C$166=$A43)*('Monthly Occurrences (Support)'!$D$4:$D$166="Hybrid")*('Monthly Occurrences (Support)'!$L$4:$L$166)) -> 0 | H43: =SUMPRODUCT(('Monthly Occurrences (Support)'!$C$4:$C$166=$A43)*('Monthly Occurrences (Support)'!$D$4:$D$166="Hybrid")*('Monthly Occurrences (Support)'!$M$4:$M$166)) -> 0 | I43: =SUMPRODUCT(('Monthly Occurrences (Support)'!$C$4:$C$166=$A43)*('Monthly Occurrences (Support)'!$D$4:$D$166="Hybrid")*('Monthly Occurrences (Support)'!$N$4:$N$166)) -> 0 | J43: =SUMPRODUCT(('Monthly Occurrences (Support)'!$C$4:$C$166=$A43)*('Monthly Occurrences (Support)'!$D$4:$D$166="Hybrid")*('Monthly Occurrences (Support)'!$O$4:$O$166)) -> 0 | K43: =SUMPRODUCT(('Monthly Occurrences (Support)'!$C$4:$C$166=$A43)*('Monthly Occurrences (Support)'!$D$4:$D$166="Hybrid")*('Monthly Occurrences (Support)'!$P$4:$P$166)) -> 0 | L43: =SUMPRODUCT(('Monthly Occurrences (Support)'!$C$4:$C$166=$A43)*('Monthly Occurrences (Support)'!$D$4:$D$166="Hybrid")*('Monthly Occurrences (Support)'!$Q$4:$Q$166)) -> 0 | M43: =SUMPRODUCT(('Monthly Occurrences (Support)'!$C$4:$C$166=$A43)*('Monthly Occurrences (Support)'!$D$4:$D$166="Hybrid")*('Monthly Occurrences (Support)'!$R$4:$R$166)) -> 0 | N43: =SUMPRODUCT(('Monthly Occurrences (Support)'!$C$4:$C$166=$A43)*('Monthly Occurrences (Support)'!$D$4:$D$166="Hybrid")*('Monthly Occurrences (Support)'!$S$4:$S$166)) -> 0 | O43: =SUMPRODUCT(('Monthly Occurrences (Support)'!$C$4:$C$166=$A43)*('Monthly Occurrences (Support)'!$D$4:$D$166="Hybrid")*('Monthly Occurrences (Support)'!$T$4:$T$166)) -> 0 | P43: =SUMPRODUCT(('Monthly Occurrences (Support)'!$C$4:$C$166=$A43)*('Monthly Occurrences (Support)'!$D$4:$D$166="Hybrid")*('Monthly Occurrences (Support)'!$U$4:$U$166)) -> 0 | Q43: =SUMPRODUCT(('Monthly Occurrences (Support)'!$C$4:$C$166=$A43)*('Monthly Occurrences (Support)'!$D$4:$D$166="Hybrid")*('Monthly Occurrences (Support)'!$V$4:$V$166)) -> 0 | R43: =SUMPRODUCT(('Monthly Occurrences (Support)'!$C$4:$C$166=$A43)*('Monthly Occurrences (Support)'!$D$4:$D$166="Hybrid")*('Monthly Occurrences (Support)'!$W$4:$W$166)) -> 0 | S43: =SUMPRODUCT(('Monthly Occurrences (Support)'!$C$4:$C$166=$A43)*('Monthly Occurrences (Support)'!$D$4:$D$166="Hybrid")*('Monthly Occurrences (Support)'!$X$4:$X$166)) -> 0 | T43: =SUMPRODUCT(('Monthly Occurrences (Support)'!$C$4:$C$166=$A43)*('Monthly Occurrences (Support)'!$D$4:$D$166="Hybrid")*('Monthly Occurrences (Support)'!$Y$4:$Y$166)) -> 0 | U43: =SUMPRODUCT(('Monthly Occurrences (Support)'!$C$4:$C$166=$A43)*('Monthly Occurrences (Support)'!$D$4:$D$166="Hybrid")*('Monthly Occurrences (Support)'!$Z$4:$Z$166)) -> 0 | V43: =SUMPRODUCT(('Monthly Occurrences (Support)'!$C$4:$C$166=$A43)*('Monthly Occurrences (Support)'!$D$4:$D$166="Hybrid")*('Monthly Occurrences (Support)'!$AA$4:$AA$166)) -> 0 | W43: =SUMPRODUCT(('Monthly Occurrences (Support)'!$C$4:$C$166=$A43)*('Monthly Occurrences (Support)'!$D$4:$D$166="Hybrid")*('Monthly Occurrences (Support)'!$AB$4:$AB$166)) -> 0
A44: MAIN BOARD ROOM | B44: =SUMPRODUCT(('Monthly Occurrences (Support)'!$C$4:$C$166=$A44)*('Monthly Occurrences (Support)'!$D$4:$D$166="Hybrid")*('Monthly Occurrences (Support)'!$G$4:$G$166)) -> 0 | C44: =SUMPRODUCT(('Monthly Occurrences (Support)'!$C$4:$C$166=$A44)*('Monthly Occurrences (Support)'!$D$4:$D$166="Hybrid")*('Monthly Occurrences (Support)'!$H$4:$H$166)) -> 0 | D44: =SUMPRODUCT(('Monthly Occurrences (Support)'!$C$4:$C$166=$A44)*('Monthly Occurrences (Support)'!$D$4:$D$166="Hybrid")*('Monthly Occurrences (Support)'!$I$4:$I$166)) -> 0 | E44: =SUMPRODUCT(('Monthly Occurrences (Support)'!$C$4:$C$166=$A44)*('Monthly Occurrences (Support)'!$D$4:$D$166="Hybrid")*('Monthly Occurrences (Support)'!$J$4:$J$166)) -> 0 | F44: =SUMPRODUCT(('Monthly Occurrences (Support)'!$C$4:$C$166=$A44)*('Monthly Occurrences (Support)'!$D$4:$D$166="Hybrid")*('Monthly Occurrences (Support)'!$K$4:$K$166)) -> 0 | G44: =SUMPRODUCT(('Monthly Occurrences (Support)'!$C$4:$C$166=$A44)*('Monthly Occurrences (Support)'!$D$4:$D$166="Hybrid")*('Monthly Occurrences (Support)'!$L$4:$L$166)) -> 0 | H44: =SUMPRODUCT(('Monthly Occurrences (Support)'!$C$4:$C$166=$A44)*('Monthly Occurrences (Support)'!$D$4:$D$166="Hybrid")*('Monthly Occurrences (Support)'!$M$4:$M$166)) -> 0 | I44: =SUMPRODUCT(('Monthly Occurrences (Support)'!$C$4:$C$166=$A44)*('Monthly Occurrences (Support)'!$D$4:$D$166="Hybrid")*('Monthly Occurrences (Support)'!$N$4:$N$166)) -> 0 | J44: =SUMPRODUCT(('Monthly Occurrences (Support)'!$C$4:$C$166=$A44)*('Monthly Occurrences (Support)'!$D$4:$D$166="Hybrid")*('Monthly Occurrences (Support)'!$O$4:$O$166)) -> 0 | K44: =SUMPRODUCT(('Monthly Occurrences (Support)'!$C$4:$C$166=$A44)*('Monthly Occurrences (Support)'!$D$4:$D$166="Hybrid")*('Monthly Occurrences (Support)'!$P$4:$P$166)) -> 0 | L44: =SUMPRODUCT(('Monthly Occurrences (Support)'!$C$4:$C$166=$A44)*('Monthly Occurrences (Support)'!$D$4:$D$166="Hybrid")*('Monthly Occurrences (Support)'!$Q$4:$Q$166)) -> 0 | M44: =SUMPRODUCT(('Monthly Occurrences (Support)'!$C$4:$C$166=$A44)*('Monthly Occurrences (Support)'!$D$4:$D$166="Hybrid")*('Monthly Occurrences (Support)'!$R$4:$R$166)) -> 0 | N44: =SUMPRODUCT(('Monthly Occurrences (Support)'!$C$4:$C$166=$A44)*('Monthly Occurrences (Support)'!$D$4:$D$166="Hybrid")*('Monthly Occurrences (Support)'!$S$4:$S$166)) -> 0 | O44: =SUMPRODUCT(('Monthly Occurrences (Support)'!$C$4:$C$166=$A44)*('Monthly Occurrences (Support)'!$D$4:$D$166="Hybrid")*('Monthly Occurrences (Support)'!$T$4:$T$166)) -> 0 | P44: =SUMPRODUCT(('Monthly Occurrences (Support)'!$C$4:$C$166=$A44)*('Monthly Occurrences (Support)'!$D$4:$D$166="Hybrid")*('Monthly Occurrences (Support)'!$U$4:$U$166)) -> 0 | Q44: =SUMPRODUCT(('Monthly Occurrences (Support)'!$C$4:$C$166=$A44)*('Monthly Occurrences (Support)'!$D$4:$D$166="Hybrid")*('Monthly Occurrences (Support)'!$V$4:$V$166)) -> 0 | R44: =SUMPRODUCT(('Monthly Occurrences (Support)'!$C$4:$C$166=$A44)*('Monthly Occurrences (Support)'!$D$4:$D$166="Hybrid")*('Monthly Occurrences (Support)'!$W$4:$W$166)) -> 0 | S44: =SUMPRODUCT(('Monthly Occurrences (Support)'!$C$4:$C$166=$A44)*('Monthly Occurrences (Support)'!$D$4:$D$166="Hybrid")*('Monthly Occurrences (Support)'!$X$4:$X$166)) -> 0 | T44: =SUMPRODUCT(('Monthly Occurrences (Support)'!$C$4:$C$166=$A44)*('Monthly Occurrences (Support)'!$D$4:$D$166="Hybrid")*('Monthly Occurrences (Support)'!$Y$4:$Y$166)) -> 0 | U44: =SUMPRODUCT(('Monthly Occurrences (Support)'!$C$4:$C$166=$A44)*('Monthly Occurrences (Support)'!$D$4:$D$166="Hybrid")*('Monthly Occurrences (Support)'!$Z$4:$Z$166)) -> 0 | V44: =SUMPRODUCT(('Monthly Occurrences (Support)'!$C$4:$C$166=$A44)*('Monthly Occurrences (Support)'!$D$4:$D$166="Hybrid")*('Monthly Occurrences (Support)'!$AA$4:$AA$166)) -> 0 | W44: =SUMPRODUCT(('Monthly Occurrences (Support)'!$C$4:$C$166=$A44)*('Monthly Occurrences (Support)'!$D$4:$D$166="Hybrid")*('Monthly Occurrences (Support)'!$AB$4:$AB$166)) -> 0
A45: MINI BOARD ROOM | B45: =SUMPRODUCT(('Monthly Occurrences (Support)'!$C$4:$C$166=$A45)*('Monthly Occurrences (Support)'!$D$4:$D$166="Hybrid")*('Monthly Occurrences (Support)'!$G$4:$G$166)) -> 0 | C45: =SUMPRODUCT(('Monthly Occurrences (Support)'!$C$4:$C$166=$A45)*('Monthly Occurrences (Support)'!$D$4:$D$166="Hybrid")*('Monthly Occurrences (Support)'!$H$4:$H$166)) -> 0 | D45: =SUMPRODUCT(('Monthly Occurrences (Support)'!$C$4:$C$166=$A45)*('Monthly Occurrences (Support)'!$D$4:$D$166="Hybrid")*('Monthly Occurrences (Support)'!$I$4:$I$166)) -> 0 | E45: =SUMPRODUCT(('Monthly Occurrences (Support)'!$C$4:$C$166=$A45)*('Monthly Occurrences (Support)'!$D$4:$D$166="Hybrid")*('Monthly Occurrences (Support)'!$J$4:$J$166)) -> 0 | F45: =SUMPRODUCT(('Monthly Occurrences (Support)'!$C$4:$C$166=$A45)*('Monthly Occurrences (Support)'!$D$4:$D$166="Hybrid")*('Monthly Occurrences (Support)'!$K$4:$K$166)) -> 0 | G45: =SUMPRODUCT(('Monthly Occurrences (Support)'!$C$4:$C$166=$A45)*('Monthly Occurrences (Support)'!$D$4:$D$166="Hybrid")*('Monthly Occurrences (Support)'!$L$4:$L$166)) -> 0 | H45: =SUMPRODUCT(('Monthly Occurrences (Support)'!$C$4:$C$166=$A45)*('Monthly Occurrences (Support)'!$D$4:$D$166="Hybrid")*('Monthly Occurrences (Support)'!$M$4:$M$166)) -> 0 | I45: =SUMPRODUCT(('Monthly Occurrences (Support)'!$C$4:$C$166=$A45)*('Monthly Occurrences (Support)'!$D$4:$D$166="Hybrid")*('Monthly Occurrences (Support)'!$N$4:$N$166)) -> 0 | J45: =SUMPRODUCT(('Monthly Occurrences (Support)'!$C$4:$C$166=$A45)*('Monthly Occurrences (Support)'!$D$4:$D$166="Hybrid")*('Monthly Occurrences (Support)'!$O$4:$O$166)) -> 0 | K45: =SUMPRODUCT(('Monthly Occurrences (Support)'!$C$4:$C$166=$A45)*('Monthly Occurrences (Support)'!$D$4:$D$166="Hybrid")*('Monthly Occurrences (Support)'!$P$4:$P$166)) -> 0 | L45: =SUMPRODUCT(('Monthly Occurrences (Support)'!$C$4:$C$166=$A45)*('Monthly Occurrences (Support)'!$D$4:$D$166="Hybrid")*('Monthly Occurrences (Support)'!$Q$4:$Q$166)) -> 0 | M45: =SUMPRODUCT(('Monthly Occurrences (Support)'!$C$4:$C$166=$A45)*('Monthly Occurrences (Support)'!$D$4:$D$166="Hybrid")*('Monthly Occurrences (Support)'!$R$4:$R$166)) -> 0 | N45: =SUMPRODUCT(('Monthly Occurrences (Support)'!$C$4:$C$166=$A45)*('Monthly Occurrences (Support)'!$D$4:$D$166="Hybrid")*('Monthly Occurrences (Support)'!$S$4:$S$166)) -> 0 | O45: =SUMPRODUCT(('Monthly Occurrences (Support)'!$C$4:$C$166=$A45)*('Monthly Occurrences (Support)'!$D$4:$D$166="Hybrid")*('Monthly Occurrences (Support)'!$T$4:$T$166)) -> 0 | P45: =SUMPRODUCT(('Monthly Occurrences (Support)'!$C$4:$C$166=$A45)*('Monthly Occurrences (Support)'!$D$4:$D$166="Hybrid")*('Monthly Occurrences (Support)'!$U$4:$U$166)) -> 0 | Q45: =SUMPRODUCT(('Monthly Occurrences (Support)'!$C$4:$C$166=$A45)*('Monthly Occurrences (Support)'!$D$4:$D$166="Hybrid")*('Monthly Occurrences (Support)'!$V$4:$V$166)) -> 0 | R45: =SUMPRODUCT(('Monthly Occurrences (Support)'!$C$4:$C$166=$A45)*('Monthly Occurrences (Support)'!$D$4:$D$166="Hybrid")*('Monthly Occurrences (Support)'!$W$4:$W$166)) -> 0 | S45: =SUMPRODUCT(('Monthly Occurrences (Support)'!$C$4:$C$166=$A45)*('Monthly Occurrences (Support)'!$D$4:$D$166="Hybrid")*('Monthly Occurrences (Support)'!$X$4:$X$166)) -> 0 | T45: =SUMPRODUCT(('Monthly Occurrences (Support)'!$C$4:$C$166=$A45)*('Monthly Occurrences (Support)'!$D$4:$D$166="Hybrid")*('Monthly Occurrences (Support)'!$Y$4:$Y$166)) -> 0 | U45: =SUMPRODUCT(('Monthly Occurrences (Support)'!$C$4:$C$166=$A45)*('Monthly Occurrences (Support)'!$D$4:$D$166="Hybrid")*('Monthly Occurrences (Support)'!$Z$4:$Z$166)) -> 0 | V45: =SUMPRODUCT(('Monthly Occurrences (Support)'!$C$4:$C$166=$A45)*('Monthly Occurrences (Support)'!$D$4:$D$166="Hybrid")*('Monthly Occurrences (Support)'!$AA$4:$AA$166)) -> 0 | W45: =SUMPRODUCT(('Monthly Occurrences (Support)'!$C$4:$C$166=$A45)*('Monthly Occurrences (Support)'!$D$4:$D$166="Hybrid")*('Monthly Occurrences (Support)'!$AB$4:$AB$166)) -> 0
A46: Next to Prof. Cabin | B46: =SUMPRODUCT(('Monthly Occurrences (Support)'!$C$4:$C$166=$A46)*('Monthly Occurrences (Support)'!$D$4:$D$166="Hybrid")*('Monthly Occurrences (Support)'!$G$4:$G$166)) -> 0 | C46: =SUMPRODUCT(('Monthly Occurrences (Support)'!$C$4:$C$166=$A46)*('Monthly Occurrences (Support)'!$D$4:$D$166="Hybrid")*('Monthly Occurrences (Support)'!$H$4:$H$166)) -> 0 | D46: =SUMPRODUCT(('Monthly Occurrences (Support)'!$C$4:$C$166=$A46)*('Monthly Occurrences (Support)'!$D$4:$D$166="Hybrid")*('Monthly Occurrences (Support)'!$I$4:$I$166)) -> 0 | E46: =SUMPRODUCT(('Monthly Occurrences (Support)'!$C$4:$C$166=$A46)*('Monthly Occurrences (Support)'!$D$4:$D$166="Hybrid")*('Monthly Occurrences (Support)'!$J$4:$J$166)) -> 0 | F46: =SUMPRODUCT(('Monthly Occurrences (Support)'!$C$4:$C$166=$A46)*('Monthly Occurrences (Support)'!$D$4:$D$166="Hybrid")*('Monthly Occurrences (Support)'!$K$4:$K$166)) -> 0 | G46: =SUMPRODUCT(('Monthly Occurrences (Support)'!$C$4:$C$166=$A46)*('Monthly Occurrences (Support)'!$D$4:$D$166="Hybrid")*('Monthly Occurrences (Support)'!$L$4:$L$166)) -> 0 | H46: =SUMPRODUCT(('Monthly Occurrences (Support)'!$C$4:$C$166=$A46)*('Monthly Occurrences (Support)'!$D$4:$D$166="Hybrid")*('Monthly Occurrences (Support)'!$M$4:$M$166)) -> 0 | I46: =SUMPRODUCT(('Monthly Occurrences (Support)'!$C$4:$C$166=$A46)*('Monthly Occurrences (Support)'!$D$4:$D$166="Hybrid")*('Monthly Occurrences (Support)'!$N$4:$N$166)) -> 0 | J46: =SUMPRODUCT(('Monthly Occurrences (Support)'!$C$4:$C$166=$A46)*('Monthly Occurrences (Support)'!$D$4:$D$166="Hybrid")*('Monthly Occurrences (Support)'!$O$4:$O$166)) -> 0 | K46: =SUMPRODUCT(('Monthly Occurrences (Support)'!$C$4:$C$166=$A46)*('Monthly Occurrences (Support)'!$D$4:$D$166="Hybrid")*('Monthly Occurrences (Support)'!$P$4:$P$166)) -> 0 | L46: =SUMPRODUCT(('Monthly Occurrences (Support)'!$C$4:$C$166=$A46)*('Monthly Occurrences (Support)'!$D$4:$D$166="Hybrid")*('Monthly Occurrences (Support)'!$Q$4:$Q$166)) -> 0 | M46: =SUMPRODUCT(('Monthly Occurrences (Support)'!$C$4:$C$166=$A46)*('Monthly Occurrences (Support)'!$D$4:$D$166="Hybrid")*('Monthly Occurrences (Support)'!$R$4:$R$166)) -> 0 | N46: =SUMPRODUCT(('Monthly Occurrences (Support)'!$C$4:$C$166=$A46)*('Monthly Occurrences (Support)'!$D$4:$D$166="Hybrid")*('Monthly Occurrences (Support)'!$S$4:$S$166)) -> 0 | O46: =SUMPRODUCT(('Monthly Occurrences (Support)'!$C$4:$C$166=$A46)*('Monthly Occurrences (Support)'!$D$4:$D$166="Hybrid")*('Monthly Occurrences (Support)'!$T$4:$T$166)) -> 0 | P46: =SUMPRODUCT(('Monthly Occurrences (Support)'!$C$4:$C$166=$A46)*('Monthly Occurrences (Support)'!$D$4:$D$166="Hybrid")*('Monthly Occurrences (Support)'!$U$4:$U$166)) -> 0 | Q46: =SUMPRODUCT(('Monthly Occurrences (Support)'!$C$4:$C$166=$A46)*('Monthly Occurrences (Support)'!$D$4:$D$166="Hybrid")*('Monthly Occurrences (Support)'!$V$4:$V$166)) -> 0 | R46: =SUMPRODUCT(('Monthly Occurrences (Support)'!$C$4:$C$166=$A46)*('Monthly Occurrences (Support)'!$D$4:$D$166="Hybrid")*('Monthly Occurrences (Support)'!$W$4:$W$166)) -> 0 | S46: =SUMPRODUCT(('Monthly Occurrences (Support)'!$C$4:$C$166=$A46)*('Monthly Occurrences (Support)'!$D$4:$D$166="Hybrid")*('Monthly Occurrences (Support)'!$X$4:$X$166)) -> 0 | T46: =SUMPRODUCT(('Monthly Occurrences (Support)'!$C$4:$C$166=$A46)*('Monthly Occurrences (Support)'!$D$4:$D$166="Hybrid")*('Monthly Occurrences (Support)'!$Y$4:$Y$166)) -> 0 | U46: =SUMPRODUCT(('Monthly Occurrences (Support)'!$C$4:$C$166=$A46)*('Monthly Occurrences (Support)'!$D$4:$D$166="Hybrid")*('Monthly Occurrences (Support)'!$Z$4:$Z$166)) -> 0 | V46: =SUMPRODUCT(('Monthly Occurrences (Support)'!$C$4:$C$166=$A46)*('Monthly Occurrences (Support)'!$D$4:$D$166="Hybrid")*('Monthly Occurrences (Support)'!$AA$4:$AA$166)) -> 0 | W46: =SUMPRODUCT(('Monthly Occurrences (Support)'!$C$4:$C$166=$A46)*('Monthly Occurrences (Support)'!$D$4:$D$166="Hybrid")*('Monthly Occurrences (Support)'!$AB$4:$AB$166)) -> 0
A47: TECH 001 | B47: =SUMPRODUCT(('Monthly Occurrences (Support)'!$C$4:$C$166=$A47)*('Monthly Occurrences (Support)'!$D$4:$D$166="Hybrid")*('Monthly Occurrences (Support)'!$G$4:$G$166)) -> 0 | C47: =SUMPRODUCT(('Monthly Occurrences (Support)'!$C$4:$C$166=$A47)*('Monthly Occurrences (Support)'!$D$4:$D$166="Hybrid")*('Monthly Occurrences (Support)'!$H$4:$H$166)) -> 0 | D47: =SUMPRODUCT(('Monthly Occurrences (Support)'!$C$4:$C$166=$A47)*('Monthly Occurrences (Support)'!$D$4:$D$166="Hybrid")*('Monthly Occurrences (Support)'!$I$4:$I$166)) -> 0 | E47: =SUMPRODUCT(('Monthly Occurrences (Support)'!$C$4:$C$166=$A47)*('Monthly Occurrences (Support)'!$D$4:$D$166="Hybrid")*('Monthly Occurrences (Support)'!$J$4:$J$166)) -> 0 | F47: =SUMPRODUCT(('Monthly Occurrences (Support)'!$C$4:$C$166=$A47)*('Monthly Occurrences (Support)'!$D$4:$D$166="Hybrid")*('Monthly Occurrences (Support)'!$K$4:$K$166)) -> 0 | G47: =SUMPRODUCT(('Monthly Occurrences (Support)'!$C$4:$C$166=$A47)*('Monthly Occurrences (Support)'!$D$4:$D$166="Hybrid")*('Monthly Occurrences (Support)'!$L$4:$L$166)) -> 0 | H47: =SUMPRODUCT(('Monthly Occurrences (Support)'!$C$4:$C$166=$A47)*('Monthly Occurrences (Support)'!$D$4:$D$166="Hybrid")*('Monthly Occurrences (Support)'!$M$4:$M$166)) -> 0 | I47: =SUMPRODUCT(('Monthly Occurrences (Support)'!$C$4:$C$166=$A47)*('Monthly Occurrences (Support)'!$D$4:$D$166="Hybrid")*('Monthly Occurrences (Support)'!$N$4:$N$166)) -> 4 | J47: =SUMPRODUCT(('Monthly Occurrences (Support)'!$C$4:$C$166=$A47)*('Monthly Occurrences (Support)'!$D$4:$D$166="Hybrid")*('Monthly Occurrences (Support)'!$O$4:$O$166)) -> 4 | K47: =SUMPRODUCT(('Monthly Occurrences (Support)'!$C$4:$C$166=$A47)*('Monthly Occurrences (Support)'!$D$4:$D$166="Hybrid")*('Monthly Occurrences (Support)'!$P$4:$P$166)) -> 5 | L47: =SUMPRODUCT(('Monthly Occurrences (Support)'!$C$4:$C$166=$A47)*('Monthly Occurrences (Support)'!$D$4:$D$166="Hybrid")*('Monthly Occurrences (Support)'!$Q$4:$Q$166)) -> 2 | M47: =SUMPRODUCT(('Monthly Occurrences (Support)'!$C$4:$C$166=$A47)*('Monthly Occurrences (Support)'!$D$4:$D$166="Hybrid")*('Monthly Occurrences (Support)'!$R$4:$R$166)) -> 0 | N47: =SUMPRODUCT(('Monthly Occurrences (Support)'!$C$4:$C$166=$A47)*('Monthly Occurrences (Support)'!$D$4:$D$166="Hybrid")*('Monthly Occurrences (Support)'!$S$4:$S$166)) -> 0 | O47: =SUMPRODUCT(('Monthly Occurrences (Support)'!$C$4:$C$166=$A47)*('Monthly Occurrences (Support)'!$D$4:$D$166="Hybrid")*('Monthly Occurrences (Support)'!$T$4:$T$166)) -> 0 | P47: =SUMPRODUCT(('Monthly Occurrences (Support)'!$C$4:$C$166=$A47)*('Monthly Occurrences (Support)'!$D$4:$D$166="Hybrid")*('Monthly Occurrences (Support)'!$U$4:$U$166)) -> 0 | Q47: =SUMPRODUCT(('Monthly Occurrences (Support)'!$C$4:$C$166=$A47)*('Monthly Occurrences (Support)'!$D$4:$D$166="Hybrid")*('Monthly Occurrences (Support)'!$V$4:$V$166)) -> 0 | R47: =SUMPRODUCT(('Monthly Occurrences (Support)'!$C$4:$C$166=$A47)*('Monthly Occurrences (Support)'!$D$4:$D$166="Hybrid")*('Monthly Occurrences (Support)'!$W$4:$W$166)) -> 0 | S47: =SUMPRODUCT(('Monthly Occurrences (Support)'!$C$4:$C$166=$A47)*('Monthly Occurrences (Support)'!$D$4:$D$166="Hybrid")*('Monthly Occurrences (Support)'!$X$4:$X$166)) -> 0 | T47: =SUMPRODUCT(('Monthly Occurrences (Support)'!$C$4:$C$166=$A47)*('Monthly Occurrences (Support)'!$D$4:$D$166="Hybrid")*('Monthly Occurrences (Support)'!$Y$4:$Y$166)) -> 0 | U47: =SUMPRODUCT(('Monthly Occurrences (Support)'!$C$4:$C$166=$A47)*('Monthly Occurrences (Support)'!$D$4:$D$166="Hybrid")*('Monthly Occurrences (Support)'!$Z$4:$Z$166)) -> 0 | V47: =SUMPRODUCT(('Monthly Occurrences (Support)'!$C$4:$C$166=$A47)*('Monthly Occurrences (Support)'!$D$4:$D$166="Hybrid")*('Monthly Occurrences (Support)'!$AA$4:$AA$166)) -> 0 | W47: =SUMPRODUCT(('Monthly Occurrences (Support)'!$C$4:$C$166=$A47)*('Monthly Occurrences (Support)'!$D$4:$D$166="Hybrid")*('Monthly Occurrences (Support)'!$AB$4:$AB$166)) -> 0
A48: TECH 002 | B48: =SUMPRODUCT(('Monthly Occurrences (Support)'!$C$4:$C$166=$A48)*('Monthly Occurrences (Support)'!$D$4:$D$166="Hybrid")*('Monthly Occurrences (Support)'!$G$4:$G$166)) -> 0 | C48: =SUMPRODUCT(('Monthly Occurrences (Support)'!$C$4:$C$166=$A48)*('Monthly Occurrences (Support)'!$D$4:$D$166="Hybrid")*('Monthly Occurrences (Support)'!$H$4:$H$166)) -> 0 | D48: =SUMPRODUCT(('Monthly Occurrences (Support)'!$C$4:$C$166=$A48)*('Monthly Occurrences (Support)'!$D$4:$D$166="Hybrid")*('Monthly Occurrences (Support)'!$I$4:$I$166)) -> 0 | E48: =SUMPRODUCT(('Monthly Occurrences (Support)'!$C$4:$C$166=$A48)*('Monthly Occurrences (Support)'!$D$4:$D$166="Hybrid")*('Monthly Occurrences (Support)'!$J$4:$J$166)) -> 0 | F48: =SUMPRODUCT(('Monthly Occurrences (Support)'!$C$4:$C$166=$A48)*('Monthly Occurrences (Support)'!$D$4:$D$166="Hybrid")*('Monthly Occurrences (Support)'!$K$4:$K$166)) -> 0 | G48: =SUMPRODUCT(('Monthly Occurrences (Support)'!$C$4:$C$166=$A48)*('Monthly Occurrences (Support)'!$D$4:$D$166="Hybrid")*('Monthly Occurrences (Support)'!$L$4:$L$166)) -> 0 | H48: =SUMPRODUCT(('Monthly Occurrences (Support)'!$C$4:$C$166=$A48)*('Monthly Occurrences (Support)'!$D$4:$D$166="Hybrid")*('Monthly Occurrences (Support)'!$M$4:$M$166)) -> 0 | I48: =SUMPRODUCT(('Monthly Occurrences (Support)'!$C$4:$C$166=$A48)*('Monthly Occurrences (Support)'!$D$4:$D$166="Hybrid")*('Monthly Occurrences (Support)'!$N$4:$N$166)) -> 4 | J48: =SUMPRODUCT(('Monthly Occurrences (Support)'!$C$4:$C$166=$A48)*('Monthly Occurrences (Support)'!$D$4:$D$166="Hybrid")*('Monthly Occurrences (Support)'!$O$4:$O$166)) -> 4 | K48: =SUMPRODUCT(('Monthly Occurrences (Support)'!$C$4:$C$166=$A48)*('Monthly Occurrences (Support)'!$D$4:$D$166="Hybrid")*('Monthly Occurrences (Support)'!$P$4:$P$166)) -> 5 | L48: =SUMPRODUCT(('Monthly Occurrences (Support)'!$C$4:$C$166=$A48)*('Monthly Occurrences (Support)'!$D$4:$D$166="Hybrid")*('Monthly Occurrences (Support)'!$Q$4:$Q$166)) -> 2 | M48: =SUMPRODUCT(('Monthly Occurrences (Support)'!$C$4:$C$166=$A48)*('Monthly Occurrences (Support)'!$D$4:$D$166="Hybrid")*('Monthly Occurrences (Support)'!$R$4:$R$166)) -> 0 | N48: =SUMPRODUCT(('Monthly Occurrences (Support)'!$C$4:$C$166=$A48)*('Monthly Occurrences (Support)'!$D$4:$D$166="Hybrid")*('Monthly Occurrences (Support)'!$S$4:$S$166)) -> 0 | O48: =SUMPRODUCT(('Monthly Occurrences (Support)'!$C$4:$C$166=$A48)*('Monthly Occurrences (Support)'!$D$4:$D$166="Hybrid")*('Monthly Occurrences (Support)'!$T$4:$T$166)) -> 0 | P48: =SUMPRODUCT(('Monthly Occurrences (Support)'!$C$4:$C$166=$A48)*('Monthly Occurrences (Support)'!$D$4:$D$166="Hybrid")*('Monthly Occurrences (Support)'!$U$4:$U$166)) -> 0 | Q48: =SUMPRODUCT(('Monthly Occurrences (Support)'!$C$4:$C$166=$A48)*('Monthly Occurrences (Support)'!$D$4:$D$166="Hybrid")*('Monthly Occurrences (Support)'!$V$4:$V$166)) -> 0 | R48: =SUMPRODUCT(('Monthly Occurrences (Support)'!$C$4:$C$166=$A48)*('Monthly Occurrences (Support)'!$D$4:$D$166="Hybrid")*('Monthly Occurrences (Support)'!$W$4:$W$166)) -> 0 | S48: =SUMPRODUCT(('Monthly Occurrences (Support)'!$C$4:$C$166=$A48)*('Monthly Occurrences (Support)'!$D$4:$D$166="Hybrid")*('Monthly Occurrences (Support)'!$X$4:$X$166)) -> 0 | T48: =SUMPRODUCT(('Monthly Occurrences (Support)'!$C$4:$C$166=$A48)*('Monthly Occurrences (Support)'!$D$4:$D$166="Hybrid")*('Monthly Occurrences (Support)'!$Y$4:$Y$166)) -> 0 | U48: =SUMPRODUCT(('Monthly Occurrences (Support)'!$C$4:$C$166=$A48)*('Monthly Occurrences (Support)'!$D$4:$D$166="Hybrid")*('Monthly Occurrences (Support)'!$Z$4:$Z$166)) -> 0 | V48: =SUMPRODUCT(('Monthly Occurrences (Support)'!$C$4:$C$166=$A48)*('Monthly Occurrences (Support)'!$D$4:$D$166="Hybrid")*('Monthly Occurrences (Support)'!$AA$4:$AA$166)) -> 0 | W48: =SUMPRODUCT(('Monthly Occurrences (Support)'!$C$4:$C$166=$A48)*('Monthly Occurrences (Support)'!$D$4:$D$166="Hybrid")*('Monthly Occurrences (Support)'!$AB$4:$AB$166)) -> 0
... A62: WEST 108 (New) | B62: =SUMPRODUCT(('Monthly Occurrences (Support)'!$C$4:$C$166=$A62)*('Monthly Occurrences (Support)'!$D$4:$D$166="Hybrid")*('Monthly Occurrences (Support)'!$G$4:$G$166)) -> 0 | C62: =SUMPRODUCT(('Monthly Occurrences (Support)'!$C$4:$C$166=$A62)*('Monthly Occurrences (Support)'!$D$4:$D$166="Hybrid")*('Monthly Occurrences (Support)'!$H$4:$H$166)) -> 0 | D62: =SUMPRODUCT(('Monthly Occurrences (Support)'!$C$4:$C$166=$A62)*('Monthly Occurrences (Support)'!$D$4:$D$166="Hybrid")*('Monthly Occurrences (Support)'!$I$4:$I$166)) -> 0 | E62: =SUMPRODUCT(('Monthly Occurrences (Support)'!$C$4:$C$166=$A62)*('Monthly Occurrences (Support)'!$D$4:$D$166="Hybrid")*('Monthly Occurrences (Support)'!$J$4:$J$166)) -> 0 | F62: =SUMPRODUCT(('Monthly Occurrences (Support)'!$C$4:$C$166=$A62)*('Monthly Occurrences (Support)'!$D$4:$D$166="Hybrid")*('Monthly Occurrences (Support)'!$K$4:$K$166)) -> 0 | G62: =SUMPRODUCT(('Monthly Occurrences (Support)'!$C$4:$C$166=$A62)*('Monthly Occurrences (Support)'!$D$4:$D$166="Hybrid")*('Monthly Occurrences (Support)'!$L$4:$L$166)) -> 0 | H62: =SUMPRODUCT(('Monthly Occurrences (Support)'!$C$4:$C$166=$A62)*('Monthly Occurrences (Support)'!$D$4:$D$166="Hybrid")*('Monthly Occurrences (Support)'!$M$4:$M$166)) -> 0 | I62: =SUMPRODUCT(('Monthly Occurrences (Support)'!$C$4:$C$166=$A62)*('Monthly Occurrences (Support)'!$D$4:$D$166="Hybrid")*('Monthly Occurrences (Support)'!$N$4:$N$166)) -> 0 | J62: =SUMPRODUCT(('Monthly Occurrences (Support)'!$C$4:$C$166=$A62)*('Monthly Occurrences (Support)'!$D$4:$D$166="Hybrid")*('Monthly Occurrences (Support)'!$O$4:$O$166)) -> 0 | K62: =SUMPRODUCT(('Monthly Occurrences (Support)'!$C$4:$C$166=$A62)*('Monthly Occurrences (Support)'!$D$4:$D$166="Hybrid")*('Monthly Occurrences (Support)'!$P$4:$P$166)) -> 0 | L62: =SUMPRODUCT(('Monthly Occurrences (Support)'!$C$4:$C$166=$A62)*('Monthly Occurrences (Support)'!$D$4:$D$166="Hybrid")*('Monthly Occurrences (Support)'!$Q$4:$Q$166)) -> 0 | M62: =SUMPRODUCT(('Monthly Occurrences (Support)'!$C$4:$C$166=$A62)*('Monthly Occurrences (Support)'!$D$4:$D$166="Hybrid")*('Monthly Occurrences (Support)'!$R$4:$R$166)) -> 0 | N62: =SUMPRODUCT(('Monthly Occurrences (Support)'!$C$4:$C$166=$A62)*('Monthly Occurrences (Support)'!$D$4:$D$166="Hybrid")*('Monthly Occurrences (Support)'!$S$4:$S$166)) -> 0 | O62: =SUMPRODUCT(('Monthly Occurrences (Support)'!$C$4:$C$166=$A62)*('Monthly Occurrences (Support)'!$D$4:$D$166="Hybrid")*('Monthly Occurrences (Support)'!$T$4:$T$166)) -> 0 | P62: =SUMPRODUCT(('Monthly Occurrences (Support)'!$C$4:$C$166=$A62)*('Monthly Occurrences (Support)'!$D$4:$D$166="Hybrid")*('Monthly Occurrences (Support)'!$U$4:$U$166)) -> 0 | Q62: =SUMPRODUCT(('Monthly Occurrences (Support)'!$C$4:$C$166=$A62)*('Monthly Occurrences (Support)'!$D$4:$D$166="Hybrid")*('Monthly Occurrences (Support)'!$V$4:$V$166)) -> 0 | R62: =SUMPRODUCT(('Monthly Occurrences (Support)'!$C$4:$C$166=$A62)*('Monthly Occurrences (Support)'!$D$4:$D$166="Hybrid")*('Monthly Occurrences (Support)'!$W$4:$W$166)) -> 0 | S62: =SUMPRODUCT(('Monthly Occurrences (Support)'!$C$4:$C$166=$A62)*('Monthly Occurrences (Support)'!$D$4:$D$166="Hybrid")*('Monthly Occurrences (Support)'!$X$4:$X$166)) -> 0 | T62: =SUMPRODUCT(('Monthly Occurrences (Support)'!$C$4:$C$166=$A62)*('Monthly Occurrences (Support)'!$D$4:$D$166="Hybrid")*('Monthly Occurrences (Support)'!$Y$4:$Y$166)) -> 0 | U62: =SUMPRODUCT(('Monthly Occurrences (Support)'!$C$4:$C$166=$A62)*('Monthly Occurrences (Support)'!$D$4:$D$166="Hybrid")*('Monthly Occurrences (Support)'!$Z$4:$Z$166)) -> 0 | V62: =SUMPRODUCT(('Monthly Occurrences (Support)'!$C$4:$C$166=$A62)*('Monthly Occurrences (Support)'!$D$4:$D$166="Hybrid")*('Monthly Occurrences (Support)'!$AA$4:$AA$166)) -> 0 | W62: =SUMPRODUCT(('Monthly Occurrences (Support)'!$C$4:$C$166=$A62)*('Monthly Occurrences (Support)'!$D$4:$D$166="Hybrid")*('Monthly Occurrences (Support)'!$AB$4:$AB$166)) -> 0
A63: Halls Used — Hybrid | B63: =COUNTIF(B37:B62,">0") -> 0 | C63: =COUNTIF(C37:C62,">0") -> 0 | D63: =COUNTIF(D37:D62,">0") -> 0 | E63: =COUNTIF(E37:E62,">0") -> 0 | F63: =COUNTIF(F37:F62,">0") -> 1 | G63: =COUNTIF(G37:G62,">0") -> 4 | H63: =COUNTIF(H37:H62,">0") -> 7 | I63: =COUNTIF(I37:I62,">0") -> 12 | ... W63: =COUNTIF(W37:W62,">0") -> 0
A64: Hybrid Gap (halls with no Hybrid session) | B64: =26-B63 -> 26 | C64: =26-C63 -> 26 | D64: =26-D63 -> 26 | E64: =26-E63 -> 26 | F64: =26-F63 -> 25 | G64: =26-G63 -> 22 | H64: =26-H63 -> 19 | I64: =26-I63 -> 14 | ... W64: =26-W63 -> 26
A66: ONLINE — Sessions per Month, General Halls Explicitly Assigned in Source Data
A67: Lecture Hall | B67: 45962 | C67: 45992 | D67: 46023 | E67: 46054 | F67: 46082 | G67: 46113 | H67: 46143 | I67: 46174 | J67: 46204 | K67: 46235 | L67: 46266 | M67: 46296 | N67: 46327 | O67: 46357 | P67: 46388 | Q67: 46419 | R67: 46447 | S67: 46478 | T67: 46508 | U67: 46539 | V67: 46569 | W67: 46600
A68: AUDITORIUM | B68: =SUMPRODUCT(('Monthly Occurrences (Support)'!$C$4:$C$166=$A68)*('Monthly Occurrences (Support)'!$D$4:$D$166="Online")*('Monthly Occurrences (Support)'!$G$4:$G$166)) -> 0 | C68: =SUMPRODUCT(('Monthly Occurrences (Support)'!$C$4:$C$166=$A68)*('Monthly Occurrences (Support)'!$D$4:$D$166="Online")*('Monthly Occurrences (Support)'!$H$4:$H$166)) -> 0 | D68: =SUMPRODUCT(('Monthly Occurrences (Support)'!$C$4:$C$166=$A68)*('Monthly Occurrences (Support)'!$D$4:$D$166="Online")*('Monthly Occurrences (Support)'!$I$4:$I$166)) -> 0 | E68: =SUMPRODUCT(('Monthly Occurrences (Support)'!$C$4:$C$166=$A68)*('Monthly Occurrences (Support)'!$D$4:$D$166="Online")*('Monthly Occurrences (Support)'!$J$4:$J$166)) -> 0 | F68: =SUMPRODUCT(('Monthly Occurrences (Support)'!$C$4:$C$166=$A68)*('Monthly Occurrences (Support)'!$D$4:$D$166="Online")*('Monthly Occurrences (Support)'!$K$4:$K$166)) -> 0 | G68: =SUMPRODUCT(('Monthly Occurrences (Support)'!$C$4:$C$166=$A68)*('Monthly Occurrences (Support)'!$D$4:$D$166="Online")*('Monthly Occurrences (Support)'!$L$4:$L$166)) -> 0 | H68: =SUMPRODUCT(('Monthly Occurrences (Support)'!$C$4:$C$166=$A68)*('Monthly Occurrences (Support)'!$D$4:$D$166="Online")*('Monthly Occurrences (Support)'!$M$4:$M$166)) -> 0 | I68: =SUMPRODUCT(('Monthly Occurrences (Support)'!$C$4:$C$166=$A68)*('Monthly Occurrences (Support)'!$D$4:$D$166="Online")*('Monthly Occurrences (Support)'!$N$4:$N$166)) -> 0 | J68: =SUMPRODUCT(('Monthly Occurrences (Support)'!$C$4:$C$166=$A68)*('Monthly Occurrences (Support)'!$D$4:$D$166="Online")*('Monthly Occurrences (Support)'!$O$4:$O$166)) -> 0 | K68: =SUMPRODUCT(('Monthly Occurrences (Support)'!$C$4:$C$166=$A68)*('Monthly Occurrences (Support)'!$D$4:$D$166="Online")*('Monthly Occurrences (Support)'!$P$4:$P$166)) -> 0 | L68: =SUMPRODUCT(('Monthly Occurrences (Support)'!$C$4:$C$166=$A68)*('Monthly Occurrences (Support)'!$D$4:$D$166="Online")*('Monthly Occurrences (Support)'!$Q$4:$Q$166)) -> 0 | M68: =SUMPRODUCT(('Monthly Occurrences (Support)'!$C$4:$C$166=$A68)*('Monthly Occurrences (Support)'!$D$4:$D$166="Online")*('Monthly Occurrences (Support)'!$R$4:$R$166)) -> 0 | N68: =SUMPRODUCT(('Monthly Occurrences (Support)'!$C$4:$C$166=$A68)*('Monthly Occurrences (Support)'!$D$4:$D$166="Online")*('Monthly Occurrences (Support)'!$S$4:$S$166)) -> 0 | O68: =SUMPRODUCT(('Monthly Occurrences (Support)'!$C$4:$C$166=$A68)*('Monthly Occurrences (Support)'!$D$4:$D$166="Online")*('Monthly Occurrences (Support)'!$T$4:$T$166)) -> 0 | P68: =SUMPRODUCT(('Monthly Occurrences (Support)'!$C$4:$C$166=$A68)*('Monthly Occurrences (Support)'!$D$4:$D$166="Online")*('Monthly Occurrences (Support)'!$U$4:$U$166)) -> 0 | Q68: =SUMPRODUCT(('Monthly Occurrences (Support)'!$C$4:$C$166=$A68)*('Monthly Occurrences (Support)'!$D$4:$D$166="Online")*('Monthly Occurrences (Support)'!$V$4:$V$166)) -> 0 | R68: =SUMPRODUCT(('Monthly Occurrences (Support)'!$C$4:$C$166=$A68)*('Monthly Occurrences (Support)'!$D$4:$D$166="Online")*('Monthly Occurrences (Support)'!$W$4:$W$166)) -> 0 | S68: =SUMPRODUCT(('Monthly Occurrences (Support)'!$C$4:$C$166=$A68)*('Monthly Occurrences (Support)'!$D$4:$D$166="Online")*('Monthly Occurrences (Support)'!$X$4:$X$166)) -> 0 | T68: =SUMPRODUCT(('Monthly Occurrences (Support)'!$C$4:$C$166=$A68)*('Monthly Occurrences (Support)'!$D$4:$D$166="Online")*('Monthly Occurrences (Support)'!$Y$4:$Y$166)) -> 0 | U68: =SUMPRODUCT(('Monthly Occurrences (Support)'!$C$4:$C$166=$A68)*('Monthly Occurrences (Support)'!$D$4:$D$166="Online")*('Monthly Occurrences (Support)'!$Z$4:$Z$166)) -> 0 | V68: =SUMPRODUCT(('Monthly Occurrences (Support)'!$C$4:$C$166=$A68)*('Monthly Occurrences (Support)'!$D$4:$D$166="Online")*('Monthly Occurrences (Support)'!$AA$4:$AA$166)) -> 0 | W68: =SUMPRODUCT(('Monthly Occurrences (Support)'!$C$4:$C$166=$A68)*('Monthly Occurrences (Support)'!$D$4:$D$166="Online")*('Monthly Occurrences (Support)'!$AB$4:$AB$166)) -> 0
A69: EAST 304 | B69: =SUMPRODUCT(('Monthly Occurrences (Support)'!$C$4:$C$166=$A69)*('Monthly Occurrences (Support)'!$D$4:$D$166="Online")*('Monthly Occurrences (Support)'!$G$4:$G$166)) -> 0 | C69: =SUMPRODUCT(('Monthly Occurrences (Support)'!$C$4:$C$166=$A69)*('Monthly Occurrences (Support)'!$D$4:$D$166="Online")*('Monthly Occurrences (Support)'!$H$4:$H$166)) -> 0 | D69: =SUMPRODUCT(('Monthly Occurrences (Support)'!$C$4:$C$166=$A69)*('Monthly Occurrences (Support)'!$D$4:$D$166="Online")*('Monthly Occurrences (Support)'!$I$4:$I$166)) -> 0 | E69: =SUMPRODUCT(('Monthly Occurrences (Support)'!$C$4:$C$166=$A69)*('Monthly Occurrences (Support)'!$D$4:$D$166="Online")*('Monthly Occurrences (Support)'!$J$4:$J$166)) -> 0 | F69: =SUMPRODUCT(('Monthly Occurrences (Support)'!$C$4:$C$166=$A69)*('Monthly Occurrences (Support)'!$D$4:$D$166="Online")*('Monthly Occurrences (Support)'!$K$4:$K$166)) -> 0 | G69: =SUMPRODUCT(('Monthly Occurrences (Support)'!$C$4:$C$166=$A69)*('Monthly Occurrences (Support)'!$D$4:$D$166="Online")*('Monthly Occurrences (Support)'!$L$4:$L$166)) -> 0 | H69: =SUMPRODUCT(('Monthly Occurrences (Support)'!$C$4:$C$166=$A69)*('Monthly Occurrences (Support)'!$D$4:$D$166="Online")*('Monthly Occurrences (Support)'!$M$4:$M$166)) -> 0 | I69: =SUMPRODUCT(('Monthly Occurrences (Support)'!$C$4:$C$166=$A69)*('Monthly Occurrences (Support)'!$D$4:$D$166="Online")*('Monthly Occurrences (Support)'!$N$4:$N$166)) -> 0 | J69: =SUMPRODUCT(('Monthly Occurrences (Support)'!$C$4:$C$166=$A69)*('Monthly Occurrences (Support)'!$D$4:$D$166="Online")*('Monthly Occurrences (Support)'!$O$4:$O$166)) -> 0 | K69: =SUMPRODUCT(('Monthly Occurrences (Support)'!$C$4:$C$166=$A69)*('Monthly Occurrences (Support)'!$D$4:$D$166="Online")*('Monthly Occurrences (Support)'!$P$4:$P$166)) -> 0 | L69: =SUMPRODUCT(('Monthly Occurrences (Support)'!$C$4:$C$166=$A69)*('Monthly Occurrences (Support)'!$D$4:$D$166="Online")*('Monthly Occurrences (Support)'!$Q$4:$Q$166)) -> 0 | M69: =SUMPRODUCT(('Monthly Occurrences (Support)'!$C$4:$C$166=$A69)*('Monthly Occurrences (Support)'!$D$4:$D$166="Online")*('Monthly Occurrences (Support)'!$R$4:$R$166)) -> 0 | N69: =SUMPRODUCT(('Monthly Occurrences (Support)'!$C$4:$C$166=$A69)*('Monthly Occurrences (Support)'!$D$4:$D$166="Online")*('Monthly Occurrences (Support)'!$S$4:$S$166)) -> 0 | O69: =SUMPRODUCT(('Monthly Occurrences (Support)'!$C$4:$C$166=$A69)*('Monthly Occurrences (Support)'!$D$4:$D$166="Online")*('Monthly Occurrences (Support)'!$T$4:$T$166)) -> 0 | P69: =SUMPRODUCT(('Monthly Occurrences (Support)'!$C$4:$C$166=$A69)*('Monthly Occurrences (Support)'!$D$4:$D$166="Online")*('Monthly Occurrences (Support)'!$U$4:$U$166)) -> 0 | Q69: =SUMPRODUCT(('Monthly Occurrences (Support)'!$C$4:$C$166=$A69)*('Monthly Occurrences (Support)'!$D$4:$D$166="Online")*('Monthly Occurrences (Support)'!$V$4:$V$166)) -> 0 | R69: =SUMPRODUCT(('Monthly Occurrences (Support)'!$C$4:$C$166=$A69)*('Monthly Occurrences (Support)'!$D$4:$D$166="Online")*('Monthly Occurrences (Support)'!$W$4:$W$166)) -> 0 | S69: =SUMPRODUCT(('Monthly Occurrences (Support)'!$C$4:$C$166=$A69)*('Monthly Occurrences (Support)'!$D$4:$D$166="Online")*('Monthly Occurrences (Support)'!$X$4:$X$166)) -> 0 | T69: =SUMPRODUCT(('Monthly Occurrences (Support)'!$C$4:$C$166=$A69)*('Monthly Occurrences (Support)'!$D$4:$D$166="Online")*('Monthly Occurrences (Support)'!$Y$4:$Y$166)) -> 0 | U69: =SUMPRODUCT(('Monthly Occurrences (Support)'!$C$4:$C$166=$A69)*('Monthly Occurrences (Support)'!$D$4:$D$166="Online")*('Monthly Occurrences (Support)'!$Z$4:$Z$166)) -> 0 | V69: =SUMPRODUCT(('Monthly Occurrences (Support)'!$C$4:$C$166=$A69)*('Monthly Occurrences (Support)'!$D$4:$D$166="Online")*('Monthly Occurrences (Support)'!$AA$4:$AA$166)) -> 0 | W69: =SUMPRODUCT(('Monthly Occurrences (Support)'!$C$4:$C$166=$A69)*('Monthly Occurrences (Support)'!$D$4:$D$166="Online")*('Monthly Occurrences (Support)'!$AB$4:$AB$166)) -> 0
A70: EAST 305 | B70: =SUMPRODUCT(('Monthly Occurrences (Support)'!$C$4:$C$166=$A70)*('Monthly Occurrences (Support)'!$D$4:$D$166="Online")*('Monthly Occurrences (Support)'!$G$4:$G$166)) -> 0 | C70: =SUMPRODUCT(('Monthly Occurrences (Support)'!$C$4:$C$166=$A70)*('Monthly Occurrences (Support)'!$D$4:$D$166="Online")*('Monthly Occurrences (Support)'!$H$4:$H$166)) -> 0 | D70: =SUMPRODUCT(('Monthly Occurrences (Support)'!$C$4:$C$166=$A70)*('Monthly Occurrences (Support)'!$D$4:$D$166="Online")*('Monthly Occurrences (Support)'!$I$4:$I$166)) -> 0 | E70: =SUMPRODUCT(('Monthly Occurrences (Support)'!$C$4:$C$166=$A70)*('Monthly Occurrences (Support)'!$D$4:$D$166="Online")*('Monthly Occurrences (Support)'!$J$4:$J$166)) -> 0 | F70: =SUMPRODUCT(('Monthly Occurrences (Support)'!$C$4:$C$166=$A70)*('Monthly Occurrences (Support)'!$D$4:$D$166="Online")*('Monthly Occurrences (Support)'!$K$4:$K$166)) -> 0 | G70: =SUMPRODUCT(('Monthly Occurrences (Support)'!$C$4:$C$166=$A70)*('Monthly Occurrences (Support)'!$D$4:$D$166="Online")*('Monthly Occurrences (Support)'!$L$4:$L$166)) -> 0 | H70: =SUMPRODUCT(('Monthly Occurrences (Support)'!$C$4:$C$166=$A70)*('Monthly Occurrences (Support)'!$D$4:$D$166="Online")*('Monthly Occurrences (Support)'!$M$4:$M$166)) -> 0 | I70: =SUMPRODUCT(('Monthly Occurrences (Support)'!$C$4:$C$166=$A70)*('Monthly Occurrences (Support)'!$D$4:$D$166="Online")*('Monthly Occurrences (Support)'!$N$4:$N$166)) -> 0 | J70: =SUMPRODUCT(('Monthly Occurrences (Support)'!$C$4:$C$166=$A70)*('Monthly Occurrences (Support)'!$D$4:$D$166="Online")*('Monthly Occurrences (Support)'!$O$4:$O$166)) -> 0 | K70: =SUMPRODUCT(('Monthly Occurrences (Support)'!$C$4:$C$166=$A70)*('Monthly Occurrences (Support)'!$D$4:$D$166="Online")*('Monthly Occurrences (Support)'!$P$4:$P$166)) -> 0 | L70: =SUMPRODUCT(('Monthly Occurrences (Support)'!$C$4:$C$166=$A70)*('Monthly Occurrences (Support)'!$D$4:$D$166="Online")*('Monthly Occurrences (Support)'!$Q$4:$Q$166)) -> 0 | M70: =SUMPRODUCT(('Monthly Occurrences (Support)'!$C$4:$C$166=$A70)*('Monthly Occurrences (Support)'!$D$4:$D$166="Online")*('Monthly Occurrences (Support)'!$R$4:$R$166)) -> 0 | N70: =SUMPRODUCT(('Monthly Occurrences (Support)'!$C$4:$C$166=$A70)*('Monthly Occurrences (Support)'!$D$4:$D$166="Online")*('Monthly Occurrences (Support)'!$S$4:$S$166)) -> 0 | O70: =SUMPRODUCT(('Monthly Occurrences (Support)'!$C$4:$C$166=$A70)*('Monthly Occurrences (Support)'!$D$4:$D$166="Online")*('Monthly Occurrences (Support)'!$T$4:$T$166)) -> 0 | P70: =SUMPRODUCT(('Monthly Occurrences (Support)'!$C$4:$C$166=$A70)*('Monthly Occurrences (Support)'!$D$4:$D$166="Online")*('Monthly Occurrences (Support)'!$U$4:$U$166)) -> 0 | Q70: =SUMPRODUCT(('Monthly Occurrences (Support)'!$C$4:$C$166=$A70)*('Monthly Occurrences (Support)'!$D$4:$D$166="Online")*('Monthly Occurrences (Support)'!$V$4:$V$166)) -> 0 | R70: =SUMPRODUCT(('Monthly Occurrences (Support)'!$C$4:$C$166=$A70)*('Monthly Occurrences (Support)'!$D$4:$D$166="Online")*('Monthly Occurrences (Support)'!$W$4:$W$166)) -> 0 | S70: =SUMPRODUCT(('Monthly Occurrences (Support)'!$C$4:$C$166=$A70)*('Monthly Occurrences (Support)'!$D$4:$D$166="Online")*('Monthly Occurrences (Support)'!$X$4:$X$166)) -> 0 | T70: =SUMPRODUCT(('Monthly Occurrences (Support)'!$C$4:$C$166=$A70)*('Monthly Occurrences (Support)'!$D$4:$D$166="Online")*('Monthly Occurrences (Support)'!$Y$4:$Y$166)) -> 0 | U70: =SUMPRODUCT(('Monthly Occurrences (Support)'!$C$4:$C$166=$A70)*('Monthly Occurrences (Support)'!$D$4:$D$166="Online")*('Monthly Occurrences (Support)'!$Z$4:$Z$166)) -> 0 | V70: =SUMPRODUCT(('Monthly Occurrences (Support)'!$C$4:$C$166=$A70)*('Monthly Occurrences (Support)'!$D$4:$D$166="Online")*('Monthly Occurrences (Support)'!$AA$4:$AA$166)) -> 0 | W70: =SUMPRODUCT(('Monthly Occurrences (Support)'!$C$4:$C$166=$A70)*('Monthly Occurrences (Support)'!$D$4:$D$166="Online")*('Monthly Occurrences (Support)'!$AB$4:$AB$166)) -> 0
A71: EAST 306 | B71: =SUMPRODUCT(('Monthly Occurrences (Support)'!$C$4:$C$166=$A71)*('Monthly Occurrences (Support)'!$D$4:$D$166="Online")*('Monthly Occurrences (Support)'!$G$4:$G$166)) -> 0 | C71: =SUMPRODUCT(('Monthly Occurrences (Support)'!$C$4:$C$166=$A71)*('Monthly Occurrences (Support)'!$D$4:$D$166="Online")*('Monthly Occurrences (Support)'!$H$4:$H$166)) -> 0 | D71: =SUMPRODUCT(('Monthly Occurrences (Support)'!$C$4:$C$166=$A71)*('Monthly Occurrences (Support)'!$D$4:$D$166="Online")*('Monthly Occurrences (Support)'!$I$4:$I$166)) -> 0 | E71: =SUMPRODUCT(('Monthly Occurrences (Support)'!$C$4:$C$166=$A71)*('Monthly Occurrences (Support)'!$D$4:$D$166="Online")*('Monthly Occurrences (Support)'!$J$4:$J$166)) -> 0 | F71: =SUMPRODUCT(('Monthly Occurrences (Support)'!$C$4:$C$166=$A71)*('Monthly Occurrences (Support)'!$D$4:$D$166="Online")*('Monthly Occurrences (Support)'!$K$4:$K$166)) -> 1 | G71: =SUMPRODUCT(('Monthly Occurrences (Support)'!$C$4:$C$166=$A71)*('Monthly Occurrences (Support)'!$D$4:$D$166="Online")*('Monthly Occurrences (Support)'!$L$4:$L$166)) -> 4 | H71: =SUMPRODUCT(('Monthly Occurrences (Support)'!$C$4:$C$166=$A71)*('Monthly Occurrences (Support)'!$D$4:$D$166="Online")*('Monthly Occurrences (Support)'!$M$4:$M$166)) -> 5 | I71: =SUMPRODUCT(('Monthly Occurrences (Support)'!$C$4:$C$166=$A71)*('Monthly Occurrences (Support)'!$D$4:$D$166="Online")*('Monthly Occurrences (Support)'!$N$4:$N$166)) -> 4 | J71: =SUMPRODUCT(('Monthly Occurrences (Support)'!$C$4:$C$166=$A71)*('Monthly Occurrences (Support)'!$D$4:$D$166="Online")*('Monthly Occurrences (Support)'!$O$4:$O$166)) -> 4 | K71: =SUMPRODUCT(('Monthly Occurrences (Support)'!$C$4:$C$166=$A71)*('Monthly Occurrences (Support)'!$D$4:$D$166="Online")*('Monthly Occurrences (Support)'!$P$4:$P$166)) -> 5 | L71: =SUMPRODUCT(('Monthly Occurrences (Support)'!$C$4:$C$166=$A71)*('Monthly Occurrences (Support)'!$D$4:$D$166="Online")*('Monthly Occurrences (Support)'!$Q$4:$Q$166)) -> 2 | M71: =SUMPRODUCT(('Monthly Occurrences (Support)'!$C$4:$C$166=$A71)*('Monthly Occurrences (Support)'!$D$4:$D$166="Online")*('Monthly Occurrences (Support)'!$R$4:$R$166)) -> 0 | N71: =SUMPRODUCT(('Monthly Occurrences (Support)'!$C$4:$C$166=$A71)*('Monthly Occurrences (Support)'!$D$4:$D$166="Online")*('Monthly Occurrences (Support)'!$S$4:$S$166)) -> 0 | O71: =SUMPRODUCT(('Monthly Occurrences (Support)'!$C$4:$C$166=$A71)*('Monthly Occurrences (Support)'!$D$4:$D$166="Online")*('Monthly Occurrences (Support)'!$T$4:$T$166)) -> 0 | P71: =SUMPRODUCT(('Monthly Occurrences (Support)'!$C$4:$C$166=$A71)*('Monthly Occurrences (Support)'!$D$4:$D$166="Online")*('Monthly Occurrences (Support)'!$U$4:$U$166)) -> 0 | Q71: =SUMPRODUCT(('Monthly Occurrences (Support)'!$C$4:$C$166=$A71)*('Monthly Occurrences (Support)'!$D$4:$D$166="Online")*('Monthly Occurrences (Support)'!$V$4:$V$166)) -> 0 | R71: =SUMPRODUCT(('Monthly Occurrences (Support)'!$C$4:$C$166=$A71)*('Monthly Occurrences (Support)'!$D$4:$D$166="Online")*('Monthly Occurrences (Support)'!$W$4:$W$166)) -> 0 | S71: =SUMPRODUCT(('Monthly Occurrences (Support)'!$C$4:$C$166=$A71)*('Monthly Occurrences (Support)'!$D$4:$D$166="Online")*('Monthly Occurrences (Support)'!$X$4:$X$166)) -> 0 | T71: =SUMPRODUCT(('Monthly Occurrences (Support)'!$C$4:$C$166=$A71)*('Monthly Occurrences (Support)'!$D$4:$D$166="Online")*('Monthly Occurrences (Support)'!$Y$4:$Y$166)) -> 0 | U71: =SUMPRODUCT(('Monthly Occurrences (Support)'!$C$4:$C$166=$A71)*('Monthly Occurrences (Support)'!$D$4:$D$166="Online")*('Monthly Occurrences (Support)'!$Z$4:$Z$166)) -> 0 | V71: =SUMPRODUCT(('Monthly Occurrences (Support)'!$C$4:$C$166=$A71)*('Monthly Occurrences (Support)'!$D$4:$D$166="Online")*('Monthly Occurrences (Support)'!$AA$4:$AA$166)) -> 0 | W71: =SUMPRODUCT(('Monthly Occurrences (Support)'!$C$4:$C$166=$A71)*('Monthly Occurrences (Support)'!$D$4:$D$166="Online")*('Monthly Occurrences (Support)'!$AB$4:$AB$166)) -> 0
A72: EAST 307 | B72: =SUMPRODUCT(('Monthly Occurrences (Support)'!$C$4:$C$166=$A72)*('Monthly Occurrences (Support)'!$D$4:$D$166="Online")*('Monthly Occurrences (Support)'!$G$4:$G$166)) -> 0 | C72: =SUMPRODUCT(('Monthly Occurrences (Support)'!$C$4:$C$166=$A72)*('Monthly Occurrences (Support)'!$D$4:$D$166="Online")*('Monthly Occurrences (Support)'!$H$4:$H$166)) -> 0 | D72: =SUMPRODUCT(('Monthly Occurrences (Support)'!$C$4:$C$166=$A72)*('Monthly Occurrences (Support)'!$D$4:$D$166="Online")*('Monthly Occurrences (Support)'!$I$4:$I$166)) -> 0 | E72: =SUMPRODUCT(('Monthly Occurrences (Support)'!$C$4:$C$166=$A72)*('Monthly Occurrences (Support)'!$D$4:$D$166="Online")*('Monthly Occurrences (Support)'!$J$4:$J$166)) -> 0 | F72: =SUMPRODUCT(('Monthly Occurrences (Support)'!$C$4:$C$166=$A72)*('Monthly Occurrences (Support)'!$D$4:$D$166="Online")*('Monthly Occurrences (Support)'!$K$4:$K$166)) -> 0 | G72: =SUMPRODUCT(('Monthly Occurrences (Support)'!$C$4:$C$166=$A72)*('Monthly Occurrences (Support)'!$D$4:$D$166="Online")*('Monthly Occurrences (Support)'!$L$4:$L$166)) -> 0 | H72: =SUMPRODUCT(('Monthly Occurrences (Support)'!$C$4:$C$166=$A72)*('Monthly Occurrences (Support)'!$D$4:$D$166="Online")*('Monthly Occurrences (Support)'!$M$4:$M$166)) -> 0 | I72: =SUMPRODUCT(('Monthly Occurrences (Support)'!$C$4:$C$166=$A72)*('Monthly Occurrences (Support)'!$D$4:$D$166="Online")*('Monthly Occurrences (Support)'!$N$4:$N$166)) -> 0 | J72: =SUMPRODUCT(('Monthly Occurrences (Support)'!$C$4:$C$166=$A72)*('Monthly Occurrences (Support)'!$D$4:$D$166="Online")*('Monthly Occurrences (Support)'!$O$4:$O$166)) -> 0 | K72: =SUMPRODUCT(('Monthly Occurrences (Support)'!$C$4:$C$166=$A72)*('Monthly Occurrences (Support)'!$D$4:$D$166="Online")*('Monthly Occurrences (Support)'!$P$4:$P$166)) -> 0 | L72: =SUMPRODUCT(('Monthly Occurrences (Support)'!$C$4:$C$166=$A72)*('Monthly Occurrences (Support)'!$D$4:$D$166="Online")*('Monthly Occurrences (Support)'!$Q$4:$Q$166)) -> 0 | M72: =SUMPRODUCT(('Monthly Occurrences (Support)'!$C$4:$C$166=$A72)*('Monthly Occurrences (Support)'!$D$4:$D$166="Online")*('Monthly Occurrences (Support)'!$R$4:$R$166)) -> 0 | N72: =SUMPRODUCT(('Monthly Occurrences (Support)'!$C$4:$C$166=$A72)*('Monthly Occurrences (Support)'!$D$4:$D$166="Online")*('Monthly Occurrences (Support)'!$S$4:$S$166)) -> 0 | O72: =SUMPRODUCT(('Monthly Occurrences (Support)'!$C$4:$C$166=$A72)*('Monthly Occurrences (Support)'!$D$4:$D$166="Online")*('Monthly Occurrences (Support)'!$T$4:$T$166)) -> 0 | P72: =SUMPRODUCT(('Monthly Occurrences (Support)'!$C$4:$C$166=$A72)*('Monthly Occurrences (Support)'!$D$4:$D$166="Online")*('Monthly Occurrences (Support)'!$U$4:$U$166)) -> 0 | Q72: =SUMPRODUCT(('Monthly Occurrences (Support)'!$C$4:$C$166=$A72)*('Monthly Occurrences (Support)'!$D$4:$D$166="Online")*('Monthly Occurrences (Support)'!$V$4:$V$166)) -> 0 | R72: =SUMPRODUCT(('Monthly Occurrences (Support)'!$C$4:$C$166=$A72)*('Monthly Occurrences (Support)'!$D$4:$D$166="Online")*('Monthly Occurrences (Support)'!$W$4:$W$166)) -> 0 | S72: =SUMPRODUCT(('Monthly Occurrences (Support)'!$C$4:$C$166=$A72)*('Monthly Occurrences (Support)'!$D$4:$D$166="Online")*('Monthly Occurrences (Support)'!$X$4:$X$166)) -> 0 | T72: =SUMPRODUCT(('Monthly Occurrences (Support)'!$C$4:$C$166=$A72)*('Monthly Occurrences (Support)'!$D$4:$D$166="Online")*('Monthly Occurrences (Support)'!$Y$4:$Y$166)) -> 0 | U72: =SUMPRODUCT(('Monthly Occurrences (Support)'!$C$4:$C$166=$A72)*('Monthly Occurrences (Support)'!$D$4:$D$166="Online")*('Monthly Occurrences (Support)'!$Z$4:$Z$166)) -> 0 | V72: =SUMPRODUCT(('Monthly Occurrences (Support)'!$C$4:$C$166=$A72)*('Monthly Occurrences (Support)'!$D$4:$D$166="Online")*('Monthly Occurrences (Support)'!$AA$4:$AA$166)) -> 0 | W72: =SUMPRODUCT(('Monthly Occurrences (Support)'!$C$4:$C$166=$A72)*('Monthly Occurrences (Support)'!$D$4:$D$166="Online")*('Monthly Occurrences (Support)'!$AB$4:$AB$166)) -> 0
A73: KITCHEN | B73: =SUMPRODUCT(('Monthly Occurrences (Support)'!$C$4:$C$166=$A73)*('Monthly Occurrences (Support)'!$D$4:$D$166="Online")*('Monthly Occurrences (Support)'!$G$4:$G$166)) -> 0 | C73: =SUMPRODUCT(('Monthly Occurrences (Support)'!$C$4:$C$166=$A73)*('Monthly Occurrences (Support)'!$D$4:$D$166="Online")*('Monthly Occurrences (Support)'!$H$4:$H$166)) -> 0 | D73: =SUMPRODUCT(('Monthly Occurrences (Support)'!$C$4:$C$166=$A73)*('Monthly Occurrences (Support)'!$D$4:$D$166="Online")*('Monthly Occurrences (Support)'!$I$4:$I$166)) -> 0 | E73: =SUMPRODUCT(('Monthly Occurrences (Support)'!$C$4:$C$166=$A73)*('Monthly Occurrences (Support)'!$D$4:$D$166="Online")*('Monthly Occurrences (Support)'!$J$4:$J$166)) -> 0 | F73: =SUMPRODUCT(('Monthly Occurrences (Support)'!$C$4:$C$166=$A73)*('Monthly Occurrences (Support)'!$D$4:$D$166="Online")*('Monthly Occurrences (Support)'!$K$4:$K$166)) -> 0 | G73: =SUMPRODUCT(('Monthly Occurrences (Support)'!$C$4:$C$166=$A73)*('Monthly Occurrences (Support)'!$D$4:$D$166="Online")*('Monthly Occurrences (Support)'!$L$4:$L$166)) -> 0 | H73: =SUMPRODUCT(('Monthly Occurrences (Support)'!$C$4:$C$166=$A73)*('Monthly Occurrences (Support)'!$D$4:$D$166="Online")*('Monthly Occurrences (Support)'!$M$4:$M$166)) -> 0 | I73: =SUMPRODUCT(('Monthly Occurrences (Support)'!$C$4:$C$166=$A73)*('Monthly Occurrences (Support)'!$D$4:$D$166="Online")*('Monthly Occurrences (Support)'!$N$4:$N$166)) -> 0 | J73: =SUMPRODUCT(('Monthly Occurrences (Support)'!$C$4:$C$166=$A73)*('Monthly Occurrences (Support)'!$D$4:$D$166="Online")*('Monthly Occurrences (Support)'!$O$4:$O$166)) -> 0 | K73: =SUMPRODUCT(('Monthly Occurrences (Support)'!$C$4:$C$166=$A73)*('Monthly Occurrences (Support)'!$D$4:$D$166="Online")*('Monthly Occurrences (Support)'!$P$4:$P$166)) -> 0 | L73: =SUMPRODUCT(('Monthly Occurrences (Support)'!$C$4:$C$166=$A73)*('Monthly Occurrences (Support)'!$D$4:$D$166="Online")*('Monthly Occurrences (Support)'!$Q$4:$Q$166)) -> 0 | M73: =SUMPRODUCT(('Monthly Occurrences (Support)'!$C$4:$C$166=$A73)*('Monthly Occurrences (Support)'!$D$4:$D$166="Online")*('Monthly Occurrences (Support)'!$R$4:$R$166)) -> 0 | N73: =SUMPRODUCT(('Monthly Occurrences (Support)'!$C$4:$C$166=$A73)*('Monthly Occurrences (Support)'!$D$4:$D$166="Online")*('Monthly Occurrences (Support)'!$S$4:$S$166)) -> 0 | O73: =SUMPRODUCT(('Monthly Occurrences (Support)'!$C$4:$C$166=$A73)*('Monthly Occurrences (Support)'!$D$4:$D$166="Online")*('Monthly Occurrences (Support)'!$T$4:$T$166)) -> 0 | P73: =SUMPRODUCT(('Monthly Occurrences (Support)'!$C$4:$C$166=$A73)*('Monthly Occurrences (Support)'!$D$4:$D$166="Online")*('Monthly Occurrences (Support)'!$U$4:$U$166)) -> 0 | Q73: =SUMPRODUCT(('Monthly Occurrences (Support)'!$C$4:$C$166=$A73)*('Monthly Occurrences (Support)'!$D$4:$D$166="Online")*('Monthly Occurrences (Support)'!$V$4:$V$166)) -> 0 | R73: =SUMPRODUCT(('Monthly Occurrences (Support)'!$C$4:$C$166=$A73)*('Monthly Occurrences (Support)'!$D$4:$D$166="Online")*('Monthly Occurrences (Support)'!$W$4:$W$166)) -> 0 | S73: =SUMPRODUCT(('Monthly Occurrences (Support)'!$C$4:$C$166=$A73)*('Monthly Occurrences (Support)'!$D$4:$D$166="Online")*('Monthly Occurrences (Support)'!$X$4:$X$166)) -> 0 | T73: =SUMPRODUCT(('Monthly Occurrences (Support)'!$C$4:$C$166=$A73)*('Monthly Occurrences (Support)'!$D$4:$D$166="Online")*('Monthly Occurrences (Support)'!$Y$4:$Y$166)) -> 0 | U73: =SUMPRODUCT(('Monthly Occurrences (Support)'!$C$4:$C$166=$A73)*('Monthly Occurrences (Support)'!$D$4:$D$166="Online")*('Monthly Occurrences (Support)'!$Z$4:$Z$166)) -> 0 | V73: =SUMPRODUCT(('Monthly Occurrences (Support)'!$C$4:$C$166=$A73)*('Monthly Occurrences (Support)'!$D$4:$D$166="Online")*('Monthly Occurrences (Support)'!$AA$4:$AA$166)) -> 0 | W73: =SUMPRODUCT(('Monthly Occurrences (Support)'!$C$4:$C$166=$A73)*('Monthly Occurrences (Support)'!$D$4:$D$166="Online")*('Monthly Occurrences (Support)'!$AB$4:$AB$166)) -> 0
A74: Library | B74: =SUMPRODUCT(('Monthly Occurrences (Support)'!$C$4:$C$166=$A74)*('Monthly Occurrences (Support)'!$D$4:$D$166="Online")*('Monthly Occurrences (Support)'!$G$4:$G$166)) -> 0 | C74: =SUMPRODUCT(('Monthly Occurrences (Support)'!$C$4:$C$166=$A74)*('Monthly Occurrences (Support)'!$D$4:$D$166="Online")*('Monthly Occurrences (Support)'!$H$4:$H$166)) -> 0 | D74: =SUMPRODUCT(('Monthly Occurrences (Support)'!$C$4:$C$166=$A74)*('Monthly Occurrences (Support)'!$D$4:$D$166="Online")*('Monthly Occurrences (Support)'!$I$4:$I$166)) -> 0 | E74: =SUMPRODUCT(('Monthly Occurrences (Support)'!$C$4:$C$166=$A74)*('Monthly Occurrences (Support)'!$D$4:$D$166="Online")*('Monthly Occurrences (Support)'!$J$4:$J$166)) -> 0 | F74: =SUMPRODUCT(('Monthly Occurrences (Support)'!$C$4:$C$166=$A74)*('Monthly Occurrences (Support)'!$D$4:$D$166="Online")*('Monthly Occurrences (Support)'!$K$4:$K$166)) -> 0 | G74: =SUMPRODUCT(('Monthly Occurrences (Support)'!$C$4:$C$166=$A74)*('Monthly Occurrences (Support)'!$D$4:$D$166="Online")*('Monthly Occurrences (Support)'!$L$4:$L$166)) -> 0 | H74: =SUMPRODUCT(('Monthly Occurrences (Support)'!$C$4:$C$166=$A74)*('Monthly Occurrences (Support)'!$D$4:$D$166="Online")*('Monthly Occurrences (Support)'!$M$4:$M$166)) -> 0 | I74: =SUMPRODUCT(('Monthly Occurrences (Support)'!$C$4:$C$166=$A74)*('Monthly Occurrences (Support)'!$D$4:$D$166="Online")*('Monthly Occurrences (Support)'!$N$4:$N$166)) -> 0 | J74: =SUMPRODUCT(('Monthly Occurrences (Support)'!$C$4:$C$166=$A74)*('Monthly Occurrences (Support)'!$D$4:$D$166="Online")*('Monthly Occurrences (Support)'!$O$4:$O$166)) -> 0 | K74: =SUMPRODUCT(('Monthly Occurrences (Support)'!$C$4:$C$166=$A74)*('Monthly Occurrences (Support)'!$D$4:$D$166="Online")*('Monthly Occurrences (Support)'!$P$4:$P$166)) -> 0 | L74: =SUMPRODUCT(('Monthly Occurrences (Support)'!$C$4:$C$166=$A74)*('Monthly Occurrences (Support)'!$D$4:$D$166="Online")*('Monthly Occurrences (Support)'!$Q$4:$Q$166)) -> 0 | M74: =SUMPRODUCT(('Monthly Occurrences (Support)'!$C$4:$C$166=$A74)*('Monthly Occurrences (Support)'!$D$4:$D$166="Online")*('Monthly Occurrences (Support)'!$R$4:$R$166)) -> 0 | N74: =SUMPRODUCT(('Monthly Occurrences (Support)'!$C$4:$C$166=$A74)*('Monthly Occurrences (Support)'!$D$4:$D$166="Online")*('Monthly Occurrences (Support)'!$S$4:$S$166)) -> 0 | O74: =SUMPRODUCT(('Monthly Occurrences (Support)'!$C$4:$C$166=$A74)*('Monthly Occurrences (Support)'!$D$4:$D$166="Online")*('Monthly Occurrences (Support)'!$T$4:$T$166)) -> 0 | P74: =SUMPRODUCT(('Monthly Occurrences (Support)'!$C$4:$C$166=$A74)*('Monthly Occurrences (Support)'!$D$4:$D$166="Online")*('Monthly Occurrences (Support)'!$U$4:$U$166)) -> 0 | Q74: =SUMPRODUCT(('Monthly Occurrences (Support)'!$C$4:$C$166=$A74)*('Monthly Occurrences (Support)'!$D$4:$D$166="Online")*('Monthly Occurrences (Support)'!$V$4:$V$166)) -> 0 | R74: =SUMPRODUCT(('Monthly Occurrences (Support)'!$C$4:$C$166=$A74)*('Monthly Occurrences (Support)'!$D$4:$D$166="Online")*('Monthly Occurrences (Support)'!$W$4:$W$166)) -> 0 | S74: =SUMPRODUCT(('Monthly Occurrences (Support)'!$C$4:$C$166=$A74)*('Monthly Occurrences (Support)'!$D$4:$D$166="Online")*('Monthly Occurrences (Support)'!$X$4:$X$166)) -> 0 | T74: =SUMPRODUCT(('Monthly Occurrences (Support)'!$C$4:$C$166=$A74)*('Monthly Occurrences (Support)'!$D$4:$D$166="Online")*('Monthly Occurrences (Support)'!$Y$4:$Y$166)) -> 0 | U74: =SUMPRODUCT(('Monthly Occurrences (Support)'!$C$4:$C$166=$A74)*('Monthly Occurrences (Support)'!$D$4:$D$166="Online")*('Monthly Occurrences (Support)'!$Z$4:$Z$166)) -> 0 | V74: =SUMPRODUCT(('Monthly Occurrences (Support)'!$C$4:$C$166=$A74)*('Monthly Occurrences (Support)'!$D$4:$D$166="Online")*('Monthly Occurrences (Support)'!$AA$4:$AA$166)) -> 0 | W74: =SUMPRODUCT(('Monthly Occurrences (Support)'!$C$4:$C$166=$A74)*('Monthly Occurrences (Support)'!$D$4:$D$166="Online")*('Monthly Occurrences (Support)'!$AB$4:$AB$166)) -> 0
A75: MAIN BOARD ROOM | B75: =SUMPRODUCT(('Monthly Occurrences (Support)'!$C$4:$C$166=$A75)*('Monthly Occurrences (Support)'!$D$4:$D$166="Online")*('Monthly Occurrences (Support)'!$G$4:$G$166)) -> 0 | C75: =SUMPRODUCT(('Monthly Occurrences (Support)'!$C$4:$C$166=$A75)*('Monthly Occurrences (Support)'!$D$4:$D$166="Online")*('Monthly Occurrences (Support)'!$H$4:$H$166)) -> 0 | D75: =SUMPRODUCT(('Monthly Occurrences (Support)'!$C$4:$C$166=$A75)*('Monthly Occurrences (Support)'!$D$4:$D$166="Online")*('Monthly Occurrences (Support)'!$I$4:$I$166)) -> 0 | E75: =SUMPRODUCT(('Monthly Occurrences (Support)'!$C$4:$C$166=$A75)*('Monthly Occurrences (Support)'!$D$4:$D$166="Online")*('Monthly Occurrences (Support)'!$J$4:$J$166)) -> 0 | F75: =SUMPRODUCT(('Monthly Occurrences (Support)'!$C$4:$C$166=$A75)*('Monthly Occurrences (Support)'!$D$4:$D$166="Online")*('Monthly Occurrences (Support)'!$K$4:$K$166)) -> 0 | G75: =SUMPRODUCT(('Monthly Occurrences (Support)'!$C$4:$C$166=$A75)*('Monthly Occurrences (Support)'!$D$4:$D$166="Online")*('Monthly Occurrences (Support)'!$L$4:$L$166)) -> 0 | H75: =SUMPRODUCT(('Monthly Occurrences (Support)'!$C$4:$C$166=$A75)*('Monthly Occurrences (Support)'!$D$4:$D$166="Online")*('Monthly Occurrences (Support)'!$M$4:$M$166)) -> 0 | I75: =SUMPRODUCT(('Monthly Occurrences (Support)'!$C$4:$C$166=$A75)*('Monthly Occurrences (Support)'!$D$4:$D$166="Online")*('Monthly Occurrences (Support)'!$N$4:$N$166)) -> 0 | J75: =SUMPRODUCT(('Monthly Occurrences (Support)'!$C$4:$C$166=$A75)*('Monthly Occurrences (Support)'!$D$4:$D$166="Online")*('Monthly Occurrences (Support)'!$O$4:$O$166)) -> 0 | K75: =SUMPRODUCT(('Monthly Occurrences (Support)'!$C$4:$C$166=$A75)*('Monthly Occurrences (Support)'!$D$4:$D$166="Online")*('Monthly Occurrences (Support)'!$P$4:$P$166)) -> 0 | L75: =SUMPRODUCT(('Monthly Occurrences (Support)'!$C$4:$C$166=$A75)*('Monthly Occurrences (Support)'!$D$4:$D$166="Online")*('Monthly Occurrences (Support)'!$Q$4:$Q$166)) -> 0 | M75: =SUMPRODUCT(('Monthly Occurrences (Support)'!$C$4:$C$166=$A75)*('Monthly Occurrences (Support)'!$D$4:$D$166="Online")*('Monthly Occurrences (Support)'!$R$4:$R$166)) -> 0 | N75: =SUMPRODUCT(('Monthly Occurrences (Support)'!$C$4:$C$166=$A75)*('Monthly Occurrences (Support)'!$D$4:$D$166="Online")*('Monthly Occurrences (Support)'!$S$4:$S$166)) -> 0 | O75: =SUMPRODUCT(('Monthly Occurrences (Support)'!$C$4:$C$166=$A75)*('Monthly Occurrences (Support)'!$D$4:$D$166="Online")*('Monthly Occurrences (Support)'!$T$4:$T$166)) -> 0 | P75: =SUMPRODUCT(('Monthly Occurrences (Support)'!$C$4:$C$166=$A75)*('Monthly Occurrences (Support)'!$D$4:$D$166="Online")*('Monthly Occurrences (Support)'!$U$4:$U$166)) -> 0 | Q75: =SUMPRODUCT(('Monthly Occurrences (Support)'!$C$4:$C$166=$A75)*('Monthly Occurrences (Support)'!$D$4:$D$166="Online")*('Monthly Occurrences (Support)'!$V$4:$V$166)) -> 0 | R75: =SUMPRODUCT(('Monthly Occurrences (Support)'!$C$4:$C$166=$A75)*('Monthly Occurrences (Support)'!$D$4:$D$166="Online")*('Monthly Occurrences (Support)'!$W$4:$W$166)) -> 0 | S75: =SUMPRODUCT(('Monthly Occurrences (Support)'!$C$4:$C$166=$A75)*('Monthly Occurrences (Support)'!$D$4:$D$166="Online")*('Monthly Occurrences (Support)'!$X$4:$X$166)) -> 0 | T75: =SUMPRODUCT(('Monthly Occurrences (Support)'!$C$4:$C$166=$A75)*('Monthly Occurrences (Support)'!$D$4:$D$166="Online")*('Monthly Occurrences (Support)'!$Y$4:$Y$166)) -> 0 | U75: =SUMPRODUCT(('Monthly Occurrences (Support)'!$C$4:$C$166=$A75)*('Monthly Occurrences (Support)'!$D$4:$D$166="Online")*('Monthly Occurrences (Support)'!$Z$4:$Z$166)) -> 0 | V75: =SUMPRODUCT(('Monthly Occurrences (Support)'!$C$4:$C$166=$A75)*('Monthly Occurrences (Support)'!$D$4:$D$166="Online")*('Monthly Occurrences (Support)'!$AA$4:$AA$166)) -> 0 | W75: =SUMPRODUCT(('Monthly Occurrences (Support)'!$C$4:$C$166=$A75)*('Monthly Occurrences (Support)'!$D$4:$D$166="Online")*('Monthly Occurrences (Support)'!$AB$4:$AB$166)) -> 0
A76: MINI BOARD ROOM | B76: =SUMPRODUCT(('Monthly Occurrences (Support)'!$C$4:$C$166=$A76)*('Monthly Occurrences (Support)'!$D$4:$D$166="Online")*('Monthly Occurrences (Support)'!$G$4:$G$166)) -> 0 | C76: =SUMPRODUCT(('Monthly Occurrences (Support)'!$C$4:$C$166=$A76)*('Monthly Occurrences (Support)'!$D$4:$D$166="Online")*('Monthly Occurrences (Support)'!$H$4:$H$166)) -> 0 | D76: =SUMPRODUCT(('Monthly Occurrences (Support)'!$C$4:$C$166=$A76)*('Monthly Occurrences (Support)'!$D$4:$D$166="Online")*('Monthly Occurrences (Support)'!$I$4:$I$166)) -> 0 | E76: =SUMPRODUCT(('Monthly Occurrences (Support)'!$C$4:$C$166=$A76)*('Monthly Occurrences (Support)'!$D$4:$D$166="Online")*('Monthly Occurrences (Support)'!$J$4:$J$166)) -> 0 | F76: =SUMPRODUCT(('Monthly Occurrences (Support)'!$C$4:$C$166=$A76)*('Monthly Occurrences (Support)'!$D$4:$D$166="Online")*('Monthly Occurrences (Support)'!$K$4:$K$166)) -> 1 | G76: =SUMPRODUCT(('Monthly Occurrences (Support)'!$C$4:$C$166=$A76)*('Monthly Occurrences (Support)'!$D$4:$D$166="Online")*('Monthly Occurrences (Support)'!$L$4:$L$166)) -> 4 | H76: =SUMPRODUCT(('Monthly Occurrences (Support)'!$C$4:$C$166=$A76)*('Monthly Occurrences (Support)'!$D$4:$D$166="Online")*('Monthly Occurrences (Support)'!$M$4:$M$166)) -> 5 | I76: =SUMPRODUCT(('Monthly Occurrences (Support)'!$C$4:$C$166=$A76)*('Monthly Occurrences (Support)'!$D$4:$D$166="Online")*('Monthly Occurrences (Support)'!$N$4:$N$166)) -> 4 | J76: =SUMPRODUCT(('Monthly Occurrences (Support)'!$C$4:$C$166=$A76)*('Monthly Occurrences (Support)'!$D$4:$D$166="Online")*('Monthly Occurrences (Support)'!$O$4:$O$166)) -> 4 | K76: =SUMPRODUCT(('Monthly Occurrences (Support)'!$C$4:$C$166=$A76)*('Monthly Occurrences (Support)'!$D$4:$D$166="Online")*('Monthly Occurrences (Support)'!$P$4:$P$166)) -> 5 | L76: =SUMPRODUCT(('Monthly Occurrences (Support)'!$C$4:$C$166=$A76)*('Monthly Occurrences (Support)'!$D$4:$D$166="Online")*('Monthly Occurrences (Support)'!$Q$4:$Q$166)) -> 4 | M76: =SUMPRODUCT(('Monthly Occurrences (Support)'!$C$4:$C$166=$A76)*('Monthly Occurrences (Support)'!$D$4:$D$166="Online")*('Monthly Occurrences (Support)'!$R$4:$R$166)) -> 5 | N76: =SUMPRODUCT(('Monthly Occurrences (Support)'!$C$4:$C$166=$A76)*('Monthly Occurrences (Support)'!$D$4:$D$166="Online")*('Monthly Occurrences (Support)'!$S$4:$S$166)) -> 4 | O76: =SUMPRODUCT(('Monthly Occurrences (Support)'!$C$4:$C$166=$A76)*('Monthly Occurrences (Support)'!$D$4:$D$166="Online")*('Monthly Occurrences (Support)'!$T$4:$T$166)) -> 2 | P76: =SUMPRODUCT(('Monthly Occurrences (Support)'!$C$4:$C$166=$A76)*('Monthly Occurrences (Support)'!$D$4:$D$166="Online")*('Monthly Occurrences (Support)'!$U$4:$U$166)) -> 0 | Q76: =SUMPRODUCT(('Monthly Occurrences (Support)'!$C$4:$C$166=$A76)*('Monthly Occurrences (Support)'!$D$4:$D$166="Online")*('Monthly Occurrences (Support)'!$V$4:$V$166)) -> 0 | R76: =SUMPRODUCT(('Monthly Occurrences (Support)'!$C$4:$C$166=$A76)*('Monthly Occurrences (Support)'!$D$4:$D$166="Online")*('Monthly Occurrences (Support)'!$W$4:$W$166)) -> 0 | S76: =SUMPRODUCT(('Monthly Occurrences (Support)'!$C$4:$C$166=$A76)*('Monthly Occurrences (Support)'!$D$4:$D$166="Online")*('Monthly Occurrences (Support)'!$X$4:$X$166)) -> 0 | T76: =SUMPRODUCT(('Monthly Occurrences (Support)'!$C$4:$C$166=$A76)*('Monthly Occurrences (Support)'!$D$4:$D$166="Online")*('Monthly Occurrences (Support)'!$Y$4:$Y$166)) -> 0 | U76: =SUMPRODUCT(('Monthly Occurrences (Support)'!$C$4:$C$166=$A76)*('Monthly Occurrences (Support)'!$D$4:$D$166="Online")*('Monthly Occurrences (Support)'!$Z$4:$Z$166)) -> 0 | V76: =SUMPRODUCT(('Monthly Occurrences (Support)'!$C$4:$C$166=$A76)*('Monthly Occurrences (Support)'!$D$4:$D$166="Online")*('Monthly Occurrences (Support)'!$AA$4:$AA$166)) -> 0 | W76: =SUMPRODUCT(('Monthly Occurrences (Support)'!$C$4:$C$166=$A76)*('Monthly Occurrences (Support)'!$D$4:$D$166="Online")*('Monthly Occurrences (Support)'!$AB$4:$AB$166)) -> 0
A77: Next to Prof. Cabin | B77: =SUMPRODUCT(('Monthly Occurrences (Support)'!$C$4:$C$166=$A77)*('Monthly Occurrences (Support)'!$D$4:$D$166="Online")*('Monthly Occurrences (Support)'!$G$4:$G$166)) -> 0 | C77: =SUMPRODUCT(('Monthly Occurrences (Support)'!$C$4:$C$166=$A77)*('Monthly Occurrences (Support)'!$D$4:$D$166="Online")*('Monthly Occurrences (Support)'!$H$4:$H$166)) -> 0 | D77: =SUMPRODUCT(('Monthly Occurrences (Support)'!$C$4:$C$166=$A77)*('Monthly Occurrences (Support)'!$D$4:$D$166="Online")*('Monthly Occurrences (Support)'!$I$4:$I$166)) -> 0 | E77: =SUMPRODUCT(('Monthly Occurrences (Support)'!$C$4:$C$166=$A77)*('Monthly Occurrences (Support)'!$D$4:$D$166="Online")*('Monthly Occurrences (Support)'!$J$4:$J$166)) -> 0 | F77: =SUMPRODUCT(('Monthly Occurrences (Support)'!$C$4:$C$166=$A77)*('Monthly Occurrences (Support)'!$D$4:$D$166="Online")*('Monthly Occurrences (Support)'!$K$4:$K$166)) -> 0 | G77: =SUMPRODUCT(('Monthly Occurrences (Support)'!$C$4:$C$166=$A77)*('Monthly Occurrences (Support)'!$D$4:$D$166="Online")*('Monthly Occurrences (Support)'!$L$4:$L$166)) -> 0 | H77: =SUMPRODUCT(('Monthly Occurrences (Support)'!$C$4:$C$166=$A77)*('Monthly Occurrences (Support)'!$D$4:$D$166="Online")*('Monthly Occurrences (Support)'!$M$4:$M$166)) -> 0 | I77: =SUMPRODUCT(('Monthly Occurrences (Support)'!$C$4:$C$166=$A77)*('Monthly Occurrences (Support)'!$D$4:$D$166="Online")*('Monthly Occurrences (Support)'!$N$4:$N$166)) -> 0 | J77: =SUMPRODUCT(('Monthly Occurrences (Support)'!$C$4:$C$166=$A77)*('Monthly Occurrences (Support)'!$D$4:$D$166="Online")*('Monthly Occurrences (Support)'!$O$4:$O$166)) -> 0 | K77: =SUMPRODUCT(('Monthly Occurrences (Support)'!$C$4:$C$166=$A77)*('Monthly Occurrences (Support)'!$D$4:$D$166="Online")*('Monthly Occurrences (Support)'!$P$4:$P$166)) -> 0 | L77: =SUMPRODUCT(('Monthly Occurrences (Support)'!$C$4:$C$166=$A77)*('Monthly Occurrences (Support)'!$D$4:$D$166="Online")*('Monthly Occurrences (Support)'!$Q$4:$Q$166)) -> 0 | M77: =SUMPRODUCT(('Monthly Occurrences (Support)'!$C$4:$C$166=$A77)*('Monthly Occurrences (Support)'!$D$4:$D$166="Online")*('Monthly Occurrences (Support)'!$R$4:$R$166)) -> 0 | N77: =SUMPRODUCT(('Monthly Occurrences (Support)'!$C$4:$C$166=$A77)*('Monthly Occurrences (Support)'!$D$4:$D$166="Online")*('Monthly Occurrences (Support)'!$S$4:$S$166)) -> 0 | O77: =SUMPRODUCT(('Monthly Occurrences (Support)'!$C$4:$C$166=$A77)*('Monthly Occurrences (Support)'!$D$4:$D$166="Online")*('Monthly Occurrences (Support)'!$T$4:$T$166)) -> 0 | P77: =SUMPRODUCT(('Monthly Occurrences (Support)'!$C$4:$C$166=$A77)*('Monthly Occurrences (Support)'!$D$4:$D$166="Online")*('Monthly Occurrences (Support)'!$U$4:$U$166)) -> 0 | Q77: =SUMPRODUCT(('Monthly Occurrences (Support)'!$C$4:$C$166=$A77)*('Monthly Occurrences (Support)'!$D$4:$D$166="Online")*('Monthly Occurrences (Support)'!$V$4:$V$166)) -> 0 | R77: =SUMPRODUCT(('Monthly Occurrences (Support)'!$C$4:$C$166=$A77)*('Monthly Occurrences (Support)'!$D$4:$D$166="Online")*('Monthly Occurrences (Support)'!$W$4:$W$166)) -> 0 | S77: =SUMPRODUCT(('Monthly Occurrences (Support)'!$C$4:$C$166=$A77)*('Monthly Occurrences (Support)'!$D$4:$D$166="Online")*('Monthly Occurrences (Support)'!$X$4:$X$166)) -> 0 | T77: =SUMPRODUCT(('Monthly Occurrences (Support)'!$C$4:$C$166=$A77)*('Monthly Occurrences (Support)'!$D$4:$D$166="Online")*('Monthly Occurrences (Support)'!$Y$4:$Y$166)) -> 0 | U77: =SUMPRODUCT(('Monthly Occurrences (Support)'!$C$4:$C$166=$A77)*('Monthly Occurrences (Support)'!$D$4:$D$166="Online")*('Monthly Occurrences (Support)'!$Z$4:$Z$166)) -> 0 | V77: =SUMPRODUCT(('Monthly Occurrences (Support)'!$C$4:$C$166=$A77)*('Monthly Occurrences (Support)'!$D$4:$D$166="Online")*('Monthly Occurrences (Support)'!$AA$4:$AA$166)) -> 0 | W77: =SUMPRODUCT(('Monthly Occurrences (Support)'!$C$4:$C$166=$A77)*('Monthly Occurrences (Support)'!$D$4:$D$166="Online")*('Monthly Occurrences (Support)'!$AB$4:$AB$166)) -> 0
A78: TECH 001 | B78: =SUMPRODUCT(('Monthly Occurrences (Support)'!$C$4:$C$166=$A78)*('Monthly Occurrences (Support)'!$D$4:$D$166="Online")*('Monthly Occurrences (Support)'!$G$4:$G$166)) -> 0 | C78: =SUMPRODUCT(('Monthly Occurrences (Support)'!$C$4:$C$166=$A78)*('Monthly Occurrences (Support)'!$D$4:$D$166="Online")*('Monthly Occurrences (Support)'!$H$4:$H$166)) -> 0 | D78: =SUMPRODUCT(('Monthly Occurrences (Support)'!$C$4:$C$166=$A78)*('Monthly Occurrences (Support)'!$D$4:$D$166="Online")*('Monthly Occurrences (Support)'!$I$4:$I$166)) -> 0 | E78: =SUMPRODUCT(('Monthly Occurrences (Support)'!$C$4:$C$166=$A78)*('Monthly Occurrences (Support)'!$D$4:$D$166="Online")*('Monthly Occurrences (Support)'!$J$4:$J$166)) -> 0 | F78: =SUMPRODUCT(('Monthly Occurrences (Support)'!$C$4:$C$166=$A78)*('Monthly Occurrences (Support)'!$D$4:$D$166="Online")*('Monthly Occurrences (Support)'!$K$4:$K$166)) -> 0 | G78: =SUMPRODUCT(('Monthly Occurrences (Support)'!$C$4:$C$166=$A78)*('Monthly Occurrences (Support)'!$D$4:$D$166="Online")*('Monthly Occurrences (Support)'!$L$4:$L$166)) -> 0 | H78: =SUMPRODUCT(('Monthly Occurrences (Support)'!$C$4:$C$166=$A78)*('Monthly Occurrences (Support)'!$D$4:$D$166="Online")*('Monthly Occurrences (Support)'!$M$4:$M$166)) -> 0 | I78: =SUMPRODUCT(('Monthly Occurrences (Support)'!$C$4:$C$166=$A78)*('Monthly Occurrences (Support)'!$D$4:$D$166="Online")*('Monthly Occurrences (Support)'!$N$4:$N$166)) -> 0 | J78: =SUMPRODUCT(('Monthly Occurrences (Support)'!$C$4:$C$166=$A78)*('Monthly Occurrences (Support)'!$D$4:$D$166="Online")*('Monthly Occurrences (Support)'!$O$4:$O$166)) -> 0 | K78: =SUMPRODUCT(('Monthly Occurrences (Support)'!$C$4:$C$166=$A78)*('Monthly Occurrences (Support)'!$D$4:$D$166="Online")*('Monthly Occurrences (Support)'!$P$4:$P$166)) -> 0 | L78: =SUMPRODUCT(('Monthly Occurrences (Support)'!$C$4:$C$166=$A78)*('Monthly Occurrences (Support)'!$D$4:$D$166="Online")*('Monthly Occurrences (Support)'!$Q$4:$Q$166)) -> 0 | M78: =SUMPRODUCT(('Monthly Occurrences (Support)'!$C$4:$C$166=$A78)*('Monthly Occurrences (Support)'!$D$4:$D$166="Online")*('Monthly Occurrences (Support)'!$R$4:$R$166)) -> 0 | N78: =SUMPRODUCT(('Monthly Occurrences (Support)'!$C$4:$C$166=$A78)*('Monthly Occurrences (Support)'!$D$4:$D$166="Online")*('Monthly Occurrences (Support)'!$S$4:$S$166)) -> 0 | O78: =SUMPRODUCT(('Monthly Occurrences (Support)'!$C$4:$C$166=$A78)*('Monthly Occurrences (Support)'!$D$4:$D$166="Online")*('Monthly Occurrences (Support)'!$T$4:$T$166)) -> 0 | P78: =SUMPRODUCT(('Monthly Occurrences (Support)'!$C$4:$C$166=$A78)*('Monthly Occurrences (Support)'!$D$4:$D$166="Online")*('Monthly Occurrences (Support)'!$U$4:$U$166)) -> 0 | Q78: =SUMPRODUCT(('Monthly Occurrences (Support)'!$C$4:$C$166=$A78)*('Monthly Occurrences (Support)'!$D$4:$D$166="Online")*('Monthly Occurrences (Support)'!$V$4:$V$166)) -> 0 | R78: =SUMPRODUCT(('Monthly Occurrences (Support)'!$C$4:$C$166=$A78)*('Monthly Occurrences (Support)'!$D$4:$D$166="Online")*('Monthly Occurrences (Support)'!$W$4:$W$166)) -> 0 | S78: =SUMPRODUCT(('Monthly Occurrences (Support)'!$C$4:$C$166=$A78)*('Monthly Occurrences (Support)'!$D$4:$D$166="Online")*('Monthly Occurrences (Support)'!$X$4:$X$166)) -> 0 | T78: =SUMPRODUCT(('Monthly Occurrences (Support)'!$C$4:$C$166=$A78)*('Monthly Occurrences (Support)'!$D$4:$D$166="Online")*('Monthly Occurrences (Support)'!$Y$4:$Y$166)) -> 0 | U78: =SUMPRODUCT(('Monthly Occurrences (Support)'!$C$4:$C$166=$A78)*('Monthly Occurrences (Support)'!$D$4:$D$166="Online")*('Monthly Occurrences (Support)'!$Z$4:$Z$166)) -> 0 | V78: =SUMPRODUCT(('Monthly Occurrences (Support)'!$C$4:$C$166=$A78)*('Monthly Occurrences (Support)'!$D$4:$D$166="Online")*('Monthly Occurrences (Support)'!$AA$4:$AA$166)) -> 0 | W78: =SUMPRODUCT(('Monthly Occurrences (Support)'!$C$4:$C$166=$A78)*('Monthly Occurrences (Support)'!$D$4:$D$166="Online")*('Monthly Occurrences (Support)'!$AB$4:$AB$166)) -> 0
A79: TECH 002 | B79: =SUMPRODUCT(('Monthly Occurrences (Support)'!$C$4:$C$166=$A79)*('Monthly Occurrences (Support)'!$D$4:$D$166="Online")*('Monthly Occurrences (Support)'!$G$4:$G$166)) -> 0 | C79: =SUMPRODUCT(('Monthly Occurrences (Support)'!$C$4:$C$166=$A79)*('Monthly Occurrences (Support)'!$D$4:$D$166="Online")*('Monthly Occurrences (Support)'!$H$4:$H$166)) -> 0 | D79: =SUMPRODUCT(('Monthly Occurrences (Support)'!$C$4:$C$166=$A79)*('Monthly Occurrences (Support)'!$D$4:$D$166="Online")*('Monthly Occurrences (Support)'!$I$4:$I$166)) -> 0 | E79: =SUMPRODUCT(('Monthly Occurrences (Support)'!$C$4:$C$166=$A79)*('Monthly Occurrences (Support)'!$D$4:$D$166="Online")*('Monthly Occurrences (Support)'!$J$4:$J$166)) -> 0 | F79: =SUMPRODUCT(('Monthly Occurrences (Support)'!$C$4:$C$166=$A79)*('Monthly Occurrences (Support)'!$D$4:$D$166="Online")*('Monthly Occurrences (Support)'!$K$4:$K$166)) -> 0 | G79: =SUMPRODUCT(('Monthly Occurrences (Support)'!$C$4:$C$166=$A79)*('Monthly Occurrences (Support)'!$D$4:$D$166="Online")*('Monthly Occurrences (Support)'!$L$4:$L$166)) -> 0 | H79: =SUMPRODUCT(('Monthly Occurrences (Support)'!$C$4:$C$166=$A79)*('Monthly Occurrences (Support)'!$D$4:$D$166="Online")*('Monthly Occurrences (Support)'!$M$4:$M$166)) -> 0 | I79: =SUMPRODUCT(('Monthly Occurrences (Support)'!$C$4:$C$166=$A79)*('Monthly Occurrences (Support)'!$D$4:$D$166="Online")*('Monthly Occurrences (Support)'!$N$4:$N$166)) -> 0 | J79: =SUMPRODUCT(('Monthly Occurrences (Support)'!$C$4:$C$166=$A79)*('Monthly Occurrences (Support)'!$D$4:$D$166="Online")*('Monthly Occurrences (Support)'!$O$4:$O$166)) -> 3 | K79: =SUMPRODUCT(('Monthly Occurrences (Support)'!$C$4:$C$166=$A79)*('Monthly Occurrences (Support)'!$D$4:$D$166="Online")*('Monthly Occurrences (Support)'!$P$4:$P$166)) -> 5 | L79: =SUMPRODUCT(('Monthly Occurrences (Support)'!$C$4:$C$166=$A79)*('Monthly Occurrences (Support)'!$D$4:$D$166="Online")*('Monthly Occurrences (Support)'!$Q$4:$Q$166)) -> 4 | M79: =SUMPRODUCT(('Monthly Occurrences (Support)'!$C$4:$C$166=$A79)*('Monthly Occurrences (Support)'!$D$4:$D$166="Online")*('Monthly Occurrences (Support)'!$R$4:$R$166)) -> 5 | N79: =SUMPRODUCT(('Monthly Occurrences (Support)'!$C$4:$C$166=$A79)*('Monthly Occurrences (Support)'!$D$4:$D$166="Online")*('Monthly Occurrences (Support)'!$S$4:$S$166)) -> 0 | O79: =SUMPRODUCT(('Monthly Occurrences (Support)'!$C$4:$C$166=$A79)*('Monthly Occurrences (Support)'!$D$4:$D$166="Online")*('Monthly Occurrences (Support)'!$T$4:$T$166)) -> 0 | P79: =SUMPRODUCT(('Monthly Occurrences (Support)'!$C$4:$C$166=$A79)*('Monthly Occurrences (Support)'!$D$4:$D$166="Online")*('Monthly Occurrences (Support)'!$U$4:$U$166)) -> 0 | Q79: =SUMPRODUCT(('Monthly Occurrences (Support)'!$C$4:$C$166=$A79)*('Monthly Occurrences (Support)'!$D$4:$D$166="Online")*('Monthly Occurrences (Support)'!$V$4:$V$166)) -> 0 | R79: =SUMPRODUCT(('Monthly Occurrences (Support)'!$C$4:$C$166=$A79)*('Monthly Occurrences (Support)'!$D$4:$D$166="Online")*('Monthly Occurrences (Support)'!$W$4:$W$166)) -> 0 | S79: =SUMPRODUCT(('Monthly Occurrences (Support)'!$C$4:$C$166=$A79)*('Monthly Occurrences (Support)'!$D$4:$D$166="Online")*('Monthly Occurrences (Support)'!$X$4:$X$166)) -> 0 | T79: =SUMPRODUCT(('Monthly Occurrences (Support)'!$C$4:$C$166=$A79)*('Monthly Occurrences (Support)'!$D$4:$D$166="Online")*('Monthly Occurrences (Support)'!$Y$4:$Y$166)) -> 0 | U79: =SUMPRODUCT(('Monthly Occurrences (Support)'!$C$4:$C$166=$A79)*('Monthly Occurrences (Support)'!$D$4:$D$166="Online")*('Monthly Occurrences (Support)'!$Z$4:$Z$166)) -> 0 | V79: =SUMPRODUCT(('Monthly Occurrences (Support)'!$C$4:$C$166=$A79)*('Monthly Occurrences (Support)'!$D$4:$D$166="Online")*('Monthly Occurrences (Support)'!$AA$4:$AA$166)) -> 0 | W79: =SUMPRODUCT(('Monthly Occurrences (Support)'!$C$4:$C$166=$A79)*('Monthly Occurrences (Support)'!$D$4:$D$166="Online")*('Monthly Occurrences (Support)'!$AB$4:$AB$166)) -> 0
... A93: WEST 108 (New) | B93: =SUMPRODUCT(('Monthly Occurrences (Support)'!$C$4:$C$166=$A93)*('Monthly Occurrences (Support)'!$D$4:$D$166="Online")*('Monthly Occurrences (Support)'!$G$4:$G$166)) -> 0 | C93: =SUMPRODUCT(('Monthly Occurrences (Support)'!$C$4:$C$166=$A93)*('Monthly Occurrences (Support)'!$D$4:$D$166="Online")*('Monthly Occurrences (Support)'!$H$4:$H$166)) -> 0 | D93: =SUMPRODUCT(('Monthly Occurrences (Support)'!$C$4:$C$166=$A93)*('Monthly Occurrences (Support)'!$D$4:$D$166="Online")*('Monthly Occurrences (Support)'!$I$4:$I$166)) -> 0 | E93: =SUMPRODUCT(('Monthly Occurrences (Support)'!$C$4:$C$166=$A93)*('Monthly Occurrences (Support)'!$D$4:$D$166="Online")*('Monthly Occurrences (Support)'!$J$4:$J$166)) -> 0 | F93: =SUMPRODUCT(('Monthly Occurrences (Support)'!$C$4:$C$166=$A93)*('Monthly Occurrences (Support)'!$D$4:$D$166="Online")*('Monthly Occurrences (Support)'!$K$4:$K$166)) -> 0 | G93: =SUMPRODUCT(('Monthly Occurrences (Support)'!$C$4:$C$166=$A93)*('Monthly Occurrences (Support)'!$D$4:$D$166="Online")*('Monthly Occurrences (Support)'!$L$4:$L$166)) -> 0 | H93: =SUMPRODUCT(('Monthly Occurrences (Support)'!$C$4:$C$166=$A93)*('Monthly Occurrences (Support)'!$D$4:$D$166="Online")*('Monthly Occurrences (Support)'!$M$4:$M$166)) -> 0 | I93: =SUMPRODUCT(('Monthly Occurrences (Support)'!$C$4:$C$166=$A93)*('Monthly Occurrences (Support)'!$D$4:$D$166="Online")*('Monthly Occurrences (Support)'!$N$4:$N$166)) -> 0 | J93: =SUMPRODUCT(('Monthly Occurrences (Support)'!$C$4:$C$166=$A93)*('Monthly Occurrences (Support)'!$D$4:$D$166="Online")*('Monthly Occurrences (Support)'!$O$4:$O$166)) -> 0 | K93: =SUMPRODUCT(('Monthly Occurrences (Support)'!$C$4:$C$166=$A93)*('Monthly Occurrences (Support)'!$D$4:$D$166="Online")*('Monthly Occurrences (Support)'!$P$4:$P$166)) -> 0 | L93: =SUMPRODUCT(('Monthly Occurrences (Support)'!$C$4:$C$166=$A93)*('Monthly Occurrences (Support)'!$D$4:$D$166="Online")*('Monthly Occurrences (Support)'!$Q$4:$Q$166)) -> 0 | M93: =SUMPRODUCT(('Monthly Occurrences (Support)'!$C$4:$C$166=$A93)*('Monthly Occurrences (Support)'!$D$4:$D$166="Online")*('Monthly Occurrences (Support)'!$R$4:$R$166)) -> 0 | N93: =SUMPRODUCT(('Monthly Occurrences (Support)'!$C$4:$C$166=$A93)*('Monthly Occurrences (Support)'!$D$4:$D$166="Online")*('Monthly Occurrences (Support)'!$S$4:$S$166)) -> 0 | O93: =SUMPRODUCT(('Monthly Occurrences (Support)'!$C$4:$C$166=$A93)*('Monthly Occurrences (Support)'!$D$4:$D$166="Online")*('Monthly Occurrences (Support)'!$T$4:$T$166)) -> 0 | P93: =SUMPRODUCT(('Monthly Occurrences (Support)'!$C$4:$C$166=$A93)*('Monthly Occurrences (Support)'!$D$4:$D$166="Online")*('Monthly Occurrences (Support)'!$U$4:$U$166)) -> 0 | Q93: =SUMPRODUCT(('Monthly Occurrences (Support)'!$C$4:$C$166=$A93)*('Monthly Occurrences (Support)'!$D$4:$D$166="Online")*('Monthly Occurrences (Support)'!$V$4:$V$166)) -> 0 | R93: =SUMPRODUCT(('Monthly Occurrences (Support)'!$C$4:$C$166=$A93)*('Monthly Occurrences (Support)'!$D$4:$D$166="Online")*('Monthly Occurrences (Support)'!$W$4:$W$166)) -> 0 | S93: =SUMPRODUCT(('Monthly Occurrences (Support)'!$C$4:$C$166=$A93)*('Monthly Occurrences (Support)'!$D$4:$D$166="Online")*('Monthly Occurrences (Support)'!$X$4:$X$166)) -> 0 | T93: =SUMPRODUCT(('Monthly Occurrences (Support)'!$C$4:$C$166=$A93)*('Monthly Occurrences (Support)'!$D$4:$D$166="Online")*('Monthly Occurrences (Support)'!$Y$4:$Y$166)) -> 0 | U93: =SUMPRODUCT(('Monthly Occurrences (Support)'!$C$4:$C$166=$A93)*('Monthly Occurrences (Support)'!$D$4:$D$166="Online")*('Monthly Occurrences (Support)'!$Z$4:$Z$166)) -> 0 | V93: =SUMPRODUCT(('Monthly Occurrences (Support)'!$C$4:$C$166=$A93)*('Monthly Occurrences (Support)'!$D$4:$D$166="Online")*('Monthly Occurrences (Support)'!$AA$4:$AA$166)) -> 0 | W93: =SUMPRODUCT(('Monthly Occurrences (Support)'!$C$4:$C$166=$A93)*('Monthly Occurrences (Support)'!$D$4:$D$166="Online")*('Monthly Occurrences (Support)'!$AB$4:$AB$166)) -> 0
A94: Halls Used — Online | B94: =COUNTIF(B68:B93,">0") -> 0 | C94: =COUNTIF(C68:C93,">0") -> 0 | D94: =COUNTIF(D68:D93,">0") -> 0 | E94: =COUNTIF(E68:E93,">0") -> 0 | F94: =COUNTIF(F68:F93,">0") -> 2 | G94: =COUNTIF(G68:G93,">0") -> 2 | H94: =COUNTIF(H68:H93,">0") -> 2 | I94: =COUNTIF(I68:I93,">0") -> 2 | ... W94: =COUNTIF(W68:W93,">0") -> 0
A95: Online Gap (halls with no Online session) | B95: =26-B94 -> 26 | C95: =26-C94 -> 26 | D95: =26-D94 -> 26 | E95: =26-E94 -> 26 | F95: =26-F94 -> 24 | G95: =26-G94 -> 24 | H95: =26-H94 -> 24 | I95: =26-I94 -> 24 | ... W95: =26-W94 -> 26
A97: Online-Designated / Virtual Spaces — Sessions per Month (informational only)
A98: Lecture Hall | B98: 45962 | C98: 45992 | D98: 46023 | E98: 46054 | F98: 46082 | G98: 46113 | H98: 46143 | I98: 46174 | J98: 46204 | K98: 46235 | L98: 46266 | M98: 46296 | N98: 46327 | O98: 46357 | P98: 46388 | Q98: 46419 | R98: 46447 | S98: 46478 | T98: 46508 | U98: 46539 | V98: 46569 | W98: 46600
A99: Counseling Room 01 (Online) | B99: =SUMPRODUCT(('Monthly Occurrences (Support)'!$C$4:$C$166=$A99)*('Monthly Occurrences (Support)'!$G$4:$G$166)) -> 0 | C99: =SUMPRODUCT(('Monthly Occurrences (Support)'!$C$4:$C$166=$A99)*('Monthly Occurrences (Support)'!$H$4:$H$166)) -> 0 | D99: =SUMPRODUCT(('Monthly Occurrences (Support)'!$C$4:$C$166=$A99)*('Monthly Occurrences (Support)'!$I$4:$I$166)) -> 0 | E99: =SUMPRODUCT(('Monthly Occurrences (Support)'!$C$4:$C$166=$A99)*('Monthly Occurrences (Support)'!$J$4:$J$166)) -> 0 | F99: =SUMPRODUCT(('Monthly Occurrences (Support)'!$C$4:$C$166=$A99)*('Monthly Occurrences (Support)'!$K$4:$K$166)) -> 0 | G99: =SUMPRODUCT(('Monthly Occurrences (Support)'!$C$4:$C$166=$A99)*('Monthly Occurrences (Support)'!$L$4:$L$166)) -> 0 | H99: =SUMPRODUCT(('Monthly Occurrences (Support)'!$C$4:$C$166=$A99)*('Monthly Occurrences (Support)'!$M$4:$M$166)) -> 0 | I99: =SUMPRODUCT(('Monthly Occurrences (Support)'!$C$4:$C$166=$A99)*('Monthly Occurrences (Support)'!$N$4:$N$166)) -> 0 | J99: =SUMPRODUCT(('Monthly Occurrences (Support)'!$C$4:$C$166=$A99)*('Monthly Occurrences (Support)'!$O$4:$O$166)) -> 3 | K99: =SUMPRODUCT(('Monthly Occurrences (Support)'!$C$4:$C$166=$A99)*('Monthly Occurrences (Support)'!$P$4:$P$166)) -> 5 | L99: =SUMPRODUCT(('Monthly Occurrences (Support)'!$C$4:$C$166=$A99)*('Monthly Occurrences (Support)'!$Q$4:$Q$166)) -> 4 | M99: =SUMPRODUCT(('Monthly Occurrences (Support)'!$C$4:$C$166=$A99)*('Monthly Occurrences (Support)'!$R$4:$R$166)) -> 5 | N99: =SUMPRODUCT(('Monthly Occurrences (Support)'!$C$4:$C$166=$A99)*('Monthly Occurrences (Support)'!$S$4:$S$166)) -> 4 | O99: =SUMPRODUCT(('Monthly Occurrences (Support)'!$C$4:$C$166=$A99)*('Monthly Occurrences (Support)'!$T$4:$T$166)) -> 1 | P99: =SUMPRODUCT(('Monthly Occurrences (Support)'!$C$4:$C$166=$A99)*('Monthly Occurrences (Support)'!$U$4:$U$166)) -> 0 | Q99: =SUMPRODUCT(('Monthly Occurrences (Support)'!$C$4:$C$166=$A99)*('Monthly Occurrences (Support)'!$V$4:$V$166)) -> 0 | R99: =SUMPRODUCT(('Monthly Occurrences (Support)'!$C$4:$C$166=$A99)*('Monthly Occurrences (Support)'!$W$4:$W$166)) -> 0 | S99: =SUMPRODUCT(('Monthly Occurrences (Support)'!$C$4:$C$166=$A99)*('Monthly Occurrences (Support)'!$X$4:$X$166)) -> 0 | T99: =SUMPRODUCT(('Monthly Occurrences (Support)'!$C$4:$C$166=$A99)*('Monthly Occurrences (Support)'!$Y$4:$Y$166)) -> 0 | U99: =SUMPRODUCT(('Monthly Occurrences (Support)'!$C$4:$C$166=$A99)*('Monthly Occurrences (Support)'!$Z$4:$Z$166)) -> 0 | V99: =SUMPRODUCT(('Monthly Occurrences (Support)'!$C$4:$C$166=$A99)*('Monthly Occurrences (Support)'!$AA$4:$AA$166)) -> 0 | W99: =SUMPRODUCT(('Monthly Occurrences (Support)'!$C$4:$C$166=$A99)*('Monthly Occurrences (Support)'!$AB$4:$AB$166)) -> 0
A100: STUDY ABROAD ROOM (Online) | B100: =SUMPRODUCT(('Monthly Occurrences (Support)'!$C$4:$C$166=$A100)*('Monthly Occurrences (Support)'!$G$4:$G$166)) -> 0 | C100: =SUMPRODUCT(('Monthly Occurrences (Support)'!$C$4:$C$166=$A100)*('Monthly Occurrences (Support)'!$H$4:$H$166)) -> 0 | D100: =SUMPRODUCT(('Monthly Occurrences (Support)'!$C$4:$C$166=$A100)*('Monthly Occurrences (Support)'!$I$4:$I$166)) -> 0 | E100: =SUMPRODUCT(('Monthly Occurrences (Support)'!$C$4:$C$166=$A100)*('Monthly Occurrences (Support)'!$J$4:$J$166)) -> 0 | F100: =SUMPRODUCT(('Monthly Occurrences (Support)'!$C$4:$C$166=$A100)*('Monthly Occurrences (Support)'!$K$4:$K$166)) -> 0 | G100: =SUMPRODUCT(('Monthly Occurrences (Support)'!$C$4:$C$166=$A100)*('Monthly Occurrences (Support)'!$L$4:$L$166)) -> 0 | H100: =SUMPRODUCT(('Monthly Occurrences (Support)'!$C$4:$C$166=$A100)*('Monthly Occurrences (Support)'!$M$4:$M$166)) -> 0 | I100: =SUMPRODUCT(('Monthly Occurrences (Support)'!$C$4:$C$166=$A100)*('Monthly Occurrences (Support)'!$N$4:$N$166)) -> 0 | J100: =SUMPRODUCT(('Monthly Occurrences (Support)'!$C$4:$C$166=$A100)*('Monthly Occurrences (Support)'!$O$4:$O$166)) -> 0 | K100: =SUMPRODUCT(('Monthly Occurrences (Support)'!$C$4:$C$166=$A100)*('Monthly Occurrences (Support)'!$P$4:$P$166)) -> 0 | L100: =SUMPRODUCT(('Monthly Occurrences (Support)'!$C$4:$C$166=$A100)*('Monthly Occurrences (Support)'!$Q$4:$Q$166)) -> 0 | M100: =SUMPRODUCT(('Monthly Occurrences (Support)'!$C$4:$C$166=$A100)*('Monthly Occurrences (Support)'!$R$4:$R$166)) -> 0 | N100: =SUMPRODUCT(('Monthly Occurrences (Support)'!$C$4:$C$166=$A100)*('Monthly Occurrences (Support)'!$S$4:$S$166)) -> 0 | O100: =SUMPRODUCT(('Monthly Occurrences (Support)'!$C$4:$C$166=$A100)*('Monthly Occurrences (Support)'!$T$4:$T$166)) -> 0 | P100: =SUMPRODUCT(('Monthly Occurrences (Support)'!$C$4:$C$166=$A100)*('Monthly Occurrences (Support)'!$U$4:$U$166)) -> 0 | Q100: =SUMPRODUCT(('Monthly Occurrences (Support)'!$C$4:$C$166=$A100)*('Monthly Occurrences (Support)'!$V$4:$V$166)) -> 0 | R100: =SUMPRODUCT(('Monthly Occurrences (Support)'!$C$4:$C$166=$A100)*('Monthly Occurrences (Support)'!$W$4:$W$166)) -> 0 | S100: =SUMPRODUCT(('Monthly Occurrences (Support)'!$C$4:$C$166=$A100)*('Monthly Occurrences (Support)'!$X$4:$X$166)) -> 0 | T100: =SUMPRODUCT(('Monthly Occurrences (Support)'!$C$4:$C$166=$A100)*('Monthly Occurrences (Support)'!$Y$4:$Y$166)) -> 0 | U100: =SUMPRODUCT(('Monthly Occurrences (Support)'!$C$4:$C$166=$A100)*('Monthly Occurrences (Support)'!$Z$4:$Z$166)) -> 0 | V100: =SUMPRODUCT(('Monthly Occurrences (Support)'!$C$4:$C$166=$A100)*('Monthly Occurrences (Support)'!$AA$4:$AA$166)) -> 0 | W100: =SUMPRODUCT(('Monthly Occurrences (Support)'!$C$4:$C$166=$A100)*('Monthly Occurrences (Support)'!$AB$4:$AB$166)) -> 0

Sheet Hall Availability Search
A1: Lecture Hall Availability Search — By Day, Time & Month
A3: This sheet is macro-driven. Pick a Day, Time and Month below, then run the RunHallSearch macro (Developer tab > Macros) to refresh the results.
A5: SEARCH — Check Availability for a Specific Day, Time & Month
A7: Day: | B7: Sunday | D7: Time: | E7: 0.42708333 | G7: RunHallSearch
A8: Month: | B8: 46266 | D8: Checks whether the program is actually running that month (based on its Start/End Date). Choose "(Any Month)" to ignore this check.
A10: Class status included: | B10: Ongoing and Upcoming classes (Completed classes are ignored) — set by the macro
A11: Last search: | B11: Last searched: Sunday at 10:15 AM, Sep 2026 (run 08-Sep-2026 09:29)
A13: Lecture Hall | B13: Room Type | C13: Status | D13: Occupied By (Program / Batch) | E13: Mode | F13: Occupied Time Slot
A14: AUDITORIUM | B14: General physical space | C14: Occupied | D14: LLB-LSBU- LS/CAL-Mr.Melwin | E14: Hybrid | F14: 08:00 AM - 05:00 PM | J14: TimeSlotList | K14: MonthList
A15: EAST 304 | B15: General physical space | C15: Free | J15: 0.29166667 | K15: (Any Month)
A16: EAST 305 | B16: General physical space | C16: Free | J16: 0.30208333 | K16: 45962
A17: EAST 306 | B17: General physical space | C17: Free | J17: 0.3125 | K17: 45992
A18: EAST 307 | B18: General physical space | C18: Occupied | D18: TOPUP - BM - General | E18: Hybrid | F18: 08:00 AM - 05:00 PM | J18: 0.32291667 | K18: 46023
A19: KITCHEN | B19: General physical space | C19: Free | J19: 0.33333333 | K19: 46054
A20: Library | B20: General physical space | C20: Free | J20: 0.34375 | K20: 46082
A21: MAIN BOARD ROOM | B21: General physical space | C21: Occupied | D21: HND in Psy - B01, B02 & 03 | E21: Physical | F21: 08:00 AM - 05:00 PM | J21: 0.35416667 | K21: 46113
A22: MINI BOARD ROOM | B22: General physical space | C22: Occupied | D22: HND CSD 93 | E22: Physical | F22: 10:00 AM - 03:00 PM | J22: 0.36458333 | K22: 46143
A23: Next to Prof. Cabin | B23: General physical space | C23: Free | J23: 0.375 | K23: 46174
A24: TECH 001 | B24: General physical space | C24: Free | J24: 0.38541667 | K24: 46204
A25: TECH 002 | B25: General physical space | C25: Free | J25: 0.39583333 | K25: 46235
A26: TECH 003 | B26: General physical space | C26: Occupied | D26: HND CE B29 - MC - Ms. Rushmika | E26: Physical | F26: 08:00 AM - 12:00 PM | J26: 0.40625 | K26: 46266
A27: TECH 004 | B27: General physical space | C27: Occupied | D27: HND B101 | E27: Physical | F27: 08:00 AM - 12:00 PM | J27: 0.41666667 | K27: 46296
A28: WEST 002 | B28: General physical space | C28: Occupied | D28: DIE - 11B | E28: Physical | F28: 08:00 AM - 12:00 PM | J28: 0.42708333 | K28: 46327
A29: WEST 003 | B29: General physical space | C29: Occupied | D29: FBIT - B17 | E29: Physical | F29: 08:00 AM - 12:00 PM | J29: 0.4375 | K29: 46357
A30: WEST 004 | B30: General physical space | C30: Free | J30: 0.44791667 | K30: 46388
A31: WEST 005 | B31: General physical space | C31: Occupied | D31: HND QS 75 | E31: Physical | F31: 08:00 AM - 05:00 PM | J31: 0.45833333 | K31: 46419
A32: WEST 101 | B32: General physical space | C32: Occupied | D32: HND HM - B02/B03 - Mr. Amesh Neran | E32: Physical | F32: 08:00 AM - 05:00 PM | J32: 0.46875 | K32: 46447
A33: WEST 102 | B33: General physical space | C33: Occupied | D33: CCDT- 09 | E33: Physical | F33: 08:00 AM - 05:00 PM | J33: 0.47916667 | K33: 46478
A34: WEST 103 | B34: General physical space | C34: Occupied | D34: HND HM 03 | E34: Physical | F34: 08:00 AM - 12:00 PM | J34: 0.48958333 | K34: 46508
A35: WEST 104 | B35: General physical space | C35: Free | J35: 0.5 | K35: 46539
A36: WEST 105 | B36: General physical space | C36: Free | J36: 0.51041667 | K36: 46569
A37: WEST 106 (New) | B37: General physical space | C37: Occupied | D37: HND LAW - 32 / 33 | E37: Hybrid | F37: 08:00 AM - 05:00 PM | J37: 0.52083333 | K37: 46600
A38: WEST 107 (New) | B38: General physical space | C38: Occupied | D38: HND BM- B 73 | E38: Physical | F38: 08:00 AM - 05:00 PM | J38: 0.53125
A39: WEST 108 (New) | B39: General physical space | C39: Free | J39: 0.54166667
A40: Counseling Room 01 (Online) | B40: Online-designated / Virtual | C40: Free | J40: 0.55208333
A41: STUDY ABROAD ROOM (Online) | B41: Online-designated / Virtual | C41: Free | J41: 0.5625
J42: 0.57291667
J43: 0.58333333
A44: BROWSE — All Scheduled Sessions by Day & Time (use column filter arrows to search) | J44: 0.59375
J45: 0.60416667
A46: Weekday | B46: Start Time | C46: End Time | D46: Lecture Hall | E46: Room Type | F46: Program / Batch | G46: Mode | H46: Class Status | J46: 0.61458333
A47: Monday | B47: 08:15 AM | C47: 11:15 AM | D47: TECH 002 | E47: General physical space | F47: CSD 98 - CS - Mr. Ravindu | G47: Physical | H47: =IF(OR(P4="",Q4=""),"Unknown (missing duration data)",IF(TODAY()>Q4,"Completed",IF(TODAY()<P4,"Upcoming","Ongoing"))) -> Unknown (missing duration data) | J47: 0.625
A48: Monday | B48: 08:15 AM | C48: 11:15 AM | D48: WEST 101 | E48: General physical space | F48: IFS - B15 - DBB - Dr. Dulani | G48: Physical | H48: =IF(OR(P3="",Q3=""),"Unknown (missing duration data)",IF(TODAY()>Q3,"Completed",IF(TODAY()<P3,"Upcoming","Ongoing"))) -> Unknown (missing duration data) | J48: 0.63541667
A49: Monday | B49: 09:15 AM | C49: 12:15 PM | D49: EAST 305 | E49: General physical space | F49: HM B20 - OHS - Ms. Semini | G49: Physical | H49: =IF(OR(P10="",Q10=""),"Unknown (missing duration data)",IF(TODAY()>Q10,"Completed",IF(TODAY()<P10,"Upcoming","Ongoing"))) -> Unknown (missing duration data) | J49: 0.64583333
A50: Monday | B50: 09:15 AM | C50: 12:15 PM | D50: EAST 306 | E50: General physical space | F50: HM B19 - French - Ms. Navithma | G50: Physical | H50: =IF(OR(P11="",Q11=""),"Unknown (missing duration data)",IF(TODAY()>Q11,"Completed",IF(TODAY()<P11,"Upcoming","Ongoing"))) -> Unknown (missing duration data) | J50: 0.65625
A51: Monday | B51: 09:15 AM | C51: 12:15 PM | D51: TECH 001 | E51: General physical space | F51: HND CSD B94 - IOT - Mr.Anis | G51: Physical | H51: =IF(OR(P7="",Q7=""),"Unknown (missing duration data)",IF(TODAY()>Q7,"Completed",IF(TODAY()<P7,"Upcoming","Ongoing"))) -> Unknown (missing duration data) | J51: 0.66666667
A52: Monday | B52: 09:15 AM | C52: 12:15 PM | D52: TECH 003 | E52: General physical space | F52: FBIT B16 - FIT - Mr. Ramesh | G52: Physical | H52: =IF(OR(P8="",Q8=""),"Unknown (missing duration data)",IF(TODAY()>Q8,"Completed",IF(TODAY()<P8,"Upcoming","Ongoing"))) -> Unknown (missing duration data) | J52: 0.67708333
A53: Monday | B53: 09:15 AM | C53: 12:15 PM | D53: TECH 004 | E53: General physical space | F53: HND CSD B96 - CRP - Ms. Maleesha | G53: Physical | H53: =IF(OR(P9="",Q9=""),"Unknown (missing duration data)",IF(TODAY()>Q9,"Completed",IF(TODAY()<P9,"Upcoming","Ongoing"))) -> Unknown (missing duration data) | J53: 0.6875
A54: Monday | B54: 09:15 AM | C54: 12:15 PM | D54: WEST 004 | E54: General physical space | F54: HND BM - 74 - LM - Mr . Shankar | G54: Physical | H54: =IF(OR(P5="",Q5=""),"Unknown (missing duration data)",IF(TODAY()>Q5,"Completed",IF(TODAY()<P5,"Upcoming","Ongoing"))) -> Unknown (missing duration data) | J54: 0.69791667
A55: Monday | B55: 09:15 AM | C55: 04:15 PM | D55: WEST 005 | E55: General physical space | F55: DHM B 18 - P & B - Ms. Jayalath | G55: Physical | H55: =IF(OR(P6="",Q6=""),"Unknown (missing duration data)",IF(TODAY()>Q6,"Completed",IF(TODAY()<P6,"Upcoming","Ongoing"))) -> Unknown (missing duration data) | J55: 0.70833333
A56: Monday | B56: 12:15 PM | C56: 03:15 PM | D56: TECH 001 | E56: General physical space | F56: CSD 98 - PCP - Ms. Sandali | G56: Physical | H56: =IF(OR(P13="",Q13=""),"Unknown (missing duration data)",IF(TODAY()>Q13,"Completed",IF(TODAY()<P13,"Upcoming","Ongoing"))) -> Unknown (missing duration data) | J56: 0.71875
A57: Monday | B57: 12:15 PM | C57: 04:15 PM | D57: WEST 101 | E57: General physical space | F57: CSD 94 - ML - Mr. Viraj | G57: Physical | H57: =IF(OR(P12="",Q12=""),"Unknown (missing duration data)",IF(TODAY()>Q12,"Completed",IF(TODAY()<P12,"Upcoming","Ongoing"))) -> Unknown (missing duration data) | J57: 0.72916667
A58: Monday | B58: 01:15 PM | C58: 04:15 PM | D58: EAST 305 | E58: General physical space | F58: HM B20 - French - Ms. Navithma | G58: Physical | H58: =IF(OR(P21="",Q21=""),"Unknown (missing duration data)",IF(TODAY()>Q21,"Completed",IF(TODAY()<P21,"Upcoming","Ongoing"))) -> Unknown (missing duration data) | J58: 0.73958333
A59: Monday | B59: 01:15 PM | C59: 04:15 PM | D59: EAST 306 | E59: General physical space | F59: DHM - 19 - MM - Ms. Semini | G59: Physical | H59: =IF(OR(P22="",Q22=""),"Unknown (missing duration data)",IF(TODAY()>Q22,"Completed",IF(TODAY()<P22,"Upcoming","Ongoing"))) -> Unknown (missing duration data) | J59: 0.75
A60: Monday | B60: 01:15 PM | C60: 04:15 PM | D60: TECH 002 | E60: General physical space | F60: HND CSD B96 - BPS - Ms. Promodhi | G60: Physical | H60: =IF(OR(P20="",Q20=""),"Unknown (missing duration data)",IF(TODAY()>Q20,"Completed",IF(TODAY()<P20,"Upcoming","Ongoing"))) -> Unknown (missing duration data) | J60: 0.76041667
A61: Monday | B61: 01:15 PM | C61: 04:15 PM | D61: WEST 002 | E61: General physical space | F61: HND CSD B94 - FAI - Ms. Ayeshwary | G61: Physical | H61: =IF(OR(P17="",Q17=""),"Unknown (missing duration data)",IF(TODAY()>Q17,"Completed",IF(TODAY()<P17,"Upcoming","Ongoing"))) -> Unknown (missing duration data) | J61: 0.77083333
A62: Monday | B62: 01:15 PM | C62: 04:15 PM | D62: WEST 003 | E62: General physical space | F62: ACCESS ENGLISH B326 - Ms. Disara | G62: Physical | H62: =IF(OR(P18="",Q18=""),"Unknown (missing duration data)",IF(TODAY()>Q18,"Completed",IF(TODAY()<P18,"Upcoming","Ongoing"))) -> Unknown (missing duration data) | J62: 0.78125
A63: Monday | B63: 01:15 PM | C63: 04:15 PM | D63: WEST 004 | E63: General physical space | F63: HND BM - 74 - MPP - Ms . Kaushalya | G63: Physical | H63: =IF(OR(P19="",Q19=""),"Unknown (missing duration data)",IF(TODAY()>Q19,"Completed",IF(TODAY()<P19,"Upcoming","Ongoing"))) -> Unknown (missing duration data) | J63: 0.79166667
A64: Monday | B64: 01:15 PM | C64: 04:15 PM | D64: WEST 102 | E64: General physical space | F64: HND CSD B94 - UEID - Mr. Tharinda | G64: Physical | H64: =IF(OR(P14="",Q14=""),"Unknown (missing duration data)",IF(TODAY()>Q14,"Completed",IF(TODAY()<P14,"Upcoming","Ongoing"))) -> Unknown (missing duration data) | J64: 0.80208333
A65: Monday | B65: 01:15 PM | C65: 04:15 PM | D65: WEST 103 | E65: General physical space | F65: HND CSD B94 - NM - Mr. S Moulana | G65: Physical | H65: =IF(OR(P15="",Q15=""),"Unknown (missing duration data)",IF(TODAY()>Q15,"Completed",IF(TODAY()<P15,"Upcoming","Ongoing"))) -> Unknown (missing duration data) | J65: 0.8125
A66: Monday | B66: 01:15 PM | C66: 04:15 PM | D66: WEST 105 | E66: General physical space | F66: FBIT 12 - HRM - Ms. Buddhimali | G66: Physical | H66: =IF(OR(P16="",Q16=""),"Unknown (missing duration data)",IF(TODAY()>Q16,"Completed",IF(TODAY()<P16,"Upcoming","Ongoing"))) -> Unknown (missing duration data) | J66: 0.82291667
A67: Tuesday | B67: 08:15 AM | C67: 11:15 AM | D67: EAST 304 | E67: General physical space | F67: HND BMS 32 - IM - Dr. Dulani | G67: Hybrid | H67: =IF(OR(P25="",Q25=""),"Unknown (missing duration data)",IF(TODAY()>Q25,"Completed",IF(TODAY()<P25,"Upcoming","Ongoing"))) -> Unknown (missing duration data) | J67: 0.83333333
A68: Tuesday | B68: 08:15 AM | C68: 11:15 AM | D68: TECH 002 | E68: General physical space | F68: CSD 94 - ACC - Mr. Ravindu | G68: Physical | H68: =IF(OR(P24="",Q24=""),"Unknown (missing duration data)",IF(TODAY()>Q24,"Completed",IF(TODAY()<P24,"Upcoming","Ongoing"))) -> Unknown (missing duration data) | J68: 0.84375
A69: Tuesday | B69: 08:15 AM | C69: 11:15 AM | D69: WEST 104 | E69: General physical space | F69: HND BMS 31 - CC - Dr. Anjali | G69: Hybrid | H69: =IF(OR(P23="",Q23=""),"Unknown (missing duration data)",IF(TODAY()>Q23,"Completed",IF(TODAY()<P23,"Upcoming","Ongoing"))) -> Unknown (missing duration data) | J69: 0.85416667
A70: Tuesday | B70: 09:15 AM | C70: 04:15 PM | D70: TECH 003 | E70: General physical space | F70: ACCESS B326 - Ms. Maleesha | G70: Physical | H70: =IF(OR(P30="",Q30=""),"Unknown (missing duration data)",IF(TODAY()>Q30,"Completed",IF(TODAY()<P30,"Upcoming","Ongoing"))) -> Unknown (missing duration data) | J70: 0.86458333
A71: Tuesday | B71: 09:15 AM | C71: 12:15 PM | D71: TECH 004 | E71: General physical space | F71: HND CSD B94 - APDP - Mr. Gaveen | G71: Physical | H71: =IF(OR(P31="",Q31=""),"Unknown (missing duration data)",IF(TODAY()>Q31,"Completed",IF(TODAY()<P31,"Upcoming","Ongoing"))) -> Unknown (missing duration data) | J71: 0.875
A72: Tuesday | B72: 09:15 AM | C72: 12:15 PM | D72: WEST 002 | E72: General physical space | F72: HM B 19 - F & O - Mr. Sujeewa | G72: Physical | H72: =IF(OR(P28="",Q28=""),"Unknown (missing duration data)",IF(TODAY()>Q28,"Completed",IF(TODAY()<P28,"Upcoming","Ongoing"))) -> Unknown (missing duration data)
A73: Tuesday | B73: 09:15 AM | C73: 12:15 PM | D73: WEST 003 | E73: General physical space | F73: IFS - B15 - DBC - Ms.Samitha | G73: Physical | H73: =IF(OR(P29="",Q29=""),"Unknown (missing duration data)",IF(TODAY()>Q29,"Completed",IF(TODAY()<P29,"Upcoming","Ongoing"))) -> Unknown (missing duration data)
A74: Tuesday | B74: 09:15 AM | C74: 12:15 PM | D74: WEST 102 | E74: General physical space | F74: DHM -18 - T & L - Ms. Alokani | G74: Physical | H74: =IF(OR(P26="",Q26=""),"Unknown (missing duration data)",IF(TODAY()>Q26,"Completed",IF(TODAY()<P26,"Upcoming","Ongoing"))) -> Unknown (missing duration data)
A75: Tuesday | B75: 09:15 AM | C75: 12:15 PM | D75: WEST 103 | E75: General physical space | F75: HND CSD B94 - AAM - Mr. Viraj | G75: Physical | H75: =IF(OR(P27="",Q27=""),"Unknown (missing duration data)",IF(TODAY()>Q27,"Completed",IF(TODAY()<P27,"Upcoming","Ongoing"))) -> Unknown (missing duration data)
A76: Tuesday | B76: 12:15 PM | C76: 04:15 PM | D76: EAST 305 | E76: General physical space | F76: HM B20 - EBM - Ms. Navodya | G76: Physical | H76: =IF(OR(P32="",Q32=""),"Unknown (missing duration data)",IF(TODAY()>Q32,"Completed",IF(TODAY()<P32,"Upcoming","Ongoing"))) -> Unknown (missing duration data)
A77: Tuesday | B77: 01:15 PM | C77: 04:15 PM | D77: EAST 305 | E77: General physical space | F77: HM B20 - T&T - Ms. Shammi | G77: Physical | H77: =IF(OR(P36="",Q36=""),"Unknown (missing duration data)",IF(TODAY()>Q36,"Completed",IF(TODAY()<P36,"Upcoming","Ongoing"))) -> Unknown (missing duration data)
A78: Tuesday | B78: 01:15 PM | C78: 04:15 PM | D78: EAST 306 | E78: General physical space | F78: DHM - 19 - F & B - Ms. Alokani | G78: Physical | H78: =IF(OR(P37="",Q37=""),"Unknown (missing duration data)",IF(TODAY()>Q37,"Completed",IF(TODAY()<P37,"Upcoming","Ongoing"))) -> Unknown (missing duration data)
A79: Tuesday | B79: 01:15 PM | C79: 04:15 PM | D79: WEST 002 | E79: General physical space | F79: HND BMS 32 - MBG - Dr. Dulani | G79: Hybrid | H79: =IF(OR(P34="",Q34=""),"Unknown (missing duration data)",IF(TODAY()>Q34,"Completed",IF(TODAY()<P34,"Upcoming","Ongoing"))) -> Unknown (missing duration data)
A80: Tuesday | B80: 01:15 PM | C80: 04:15 PM | D80: WEST 003 | E80: General physical space | F80: IFS - B15 - PAB - Ms.Anjali | G80: Physical | H80: =IF(OR(P35="",Q35=""),"Unknown (missing duration data)",IF(TODAY()>Q35,"Completed",IF(TODAY()<P35,"Upcoming","Ongoing"))) -> Unknown (missing duration data)
A81: Tuesday | B81: 01:15 PM | C81: 04:15 PM | D81: WEST 102 | E81: General physical space | F81: HM B 19 - F & O - Mr. Sujeewa | G81: Physical | H81: =IF(OR(P33="",Q33=""),"Unknown (missing duration data)",IF(TODAY()>Q33,"Completed",IF(TODAY()<P33,"Upcoming","Ongoing"))) -> Unknown (missing duration data)
A82: Wednesday | B82: 09:15 AM | C82: 04:15 PM | D82: EAST 304 | E82: General physical space | F82: HND BM - 68 -BS - Ms.Kaushalya | G82: Physical | H82: =IF(OR(P45="",Q45=""),"Unknown (missing duration data)",IF(TODAY()>Q45,"Completed",IF(TODAY()<P45,"Upcoming","Ongoing"))) -> Unknown (missing duration data)
A83: Wednesday | B83: 09:15 AM | C83: 12:15 PM | D83: TECH 001 | E83: General physical space | F83: HND CSD B102 - PRG - Ms. Sandali | G83: Physical | H83: =IF(OR(P42="",Q42=""),"Unknown (missing duration data)",IF(TODAY()>Q42,"Completed",IF(TODAY()<P42,"Upcoming","Ongoing"))) -> Unknown (missing duration data)
A84: Wednesday | B84: 09:15 AM | C84: 12:15 PM | D84: TECH 002 | E84: General physical space | F84: DHM B 18 - IT - Ms .Menu | G84: Physical | H84: =IF(OR(P43="",Q43=""),"Unknown (missing duration data)",IF(TODAY()>Q43,"Completed",IF(TODAY()<P43,"Upcoming","Ongoing"))) -> Unknown (missing duration data)
A85: Wednesday | B85: 09:15 AM | C85: 12:15 PM | D85: TECH 003 | E85: General physical space | F85: FBIT B16 - DA - Ms. Promodhi | G85: Physical | H85: =IF(OR(P44="",Q44=""),"Unknown (missing duration data)",IF(TODAY()>Q44,"Completed",IF(TODAY()<P44,"Upcoming","Ongoing"))) -> Unknown (missing duration data)
A86: Wednesday | B86: 09:15 AM | C86: 12:15 PM | D86: WEST 002 | E86: General physical space | F86: DHTM 20 - F/VC - Chef . Piyadasa | G86: Physical | H86: =IF(OR(P40="",Q40=""),"Unknown (missing duration data)",IF(TODAY()>Q40,"Completed",IF(TODAY()<P40,"Upcoming","Ongoing"))) -> Unknown (missing duration data)
A87: Wednesday | B87: 09:15 AM | C87: 12:15 PM | D87: WEST 005 | E87: General physical space | F87: DHM B19 - EBM - Ms. Novodya | G87: Physical | H87: =IF(OR(P41="",Q41=""),"Unknown (missing duration data)",IF(TODAY()>Q41,"Completed",IF(TODAY()<P41,"Upcoming","Ongoing"))) -> Unknown (missing duration data)
A88: Wednesday | B88: 09:15 AM | C88: 12:15 PM | D88: WEST 101 | E88: General physical space | F88: IFS B 13 - GC - Ms. Samitha | G88: Physical | H88: =IF(OR(P38="",Q38=""),"Unknown (missing duration data)",IF(TODAY()>Q38,"Completed",IF(TODAY()<P38,"Upcoming","Ongoing"))) -> Unknown (missing duration data)
A89: Wednesday | B89: 09:15 AM | C89: 12:15 PM | D89: WEST 102 | E89: General physical space | F89: IFS - B15 - DBPAB- Ms.Chavika | G89: Physical | H89: =IF(OR(P39="",Q39=""),"Unknown (missing duration data)",IF(TODAY()>Q39,"Completed",IF(TODAY()<P39,"Upcoming","Ongoing"))) -> Unknown (missing duration data)
A90: Wednesday | B90: 01:15 PM | C90: 04:15 PM | D90: EAST 305 | E90: General physical space | F90: HM B20 - ECHM - Mr. Chinthaka | G90: Physical | H90: =IF(OR(P51="",Q51=""),"Unknown (missing duration data)",IF(TODAY()>Q51,"Completed",IF(TODAY()<P51,"Upcoming","Ongoing"))) -> Unknown (missing duration data)
A91: Wednesday | B91: 01:15 PM | C91: 04:15 PM | D91: EAST 306 | E91: General physical space | F91: FBIT B16 - OM - Ms. Sandali | G91: Physical | H91: =IF(OR(P52="",Q52=""),"Unknown (missing duration data)",IF(TODAY()>Q52,"Completed",IF(TODAY()<P52,"Upcoming","Ongoing"))) -> Unknown (missing duration data)
A92: Wednesday | B92: 01:15 PM | C92: 04:15 PM | D92: EAST 307 | E92: General physical space | F92: HND BMS - 33/34 - FOCB - Ms.Samitha | G92: Hybrid | H92: =IF(OR(P53="",Q53=""),"Unknown (missing duration data)",IF(TODAY()>Q53,"Completed",IF(TODAY()<P53,"Upcoming","Ongoing"))) -> Unknown (missing duration data)
A93: Wednesday | B93: 01:15 PM | C93: 04:15 PM | D93: KITCHEN | E93: General physical space | F93: DHTM 19 - F/VC - Chef . Piyadasa | G93: Physical | H93: =IF(OR(P54="",Q54=""),"Unknown (missing duration data)",IF(TODAY()>Q54,"Completed",IF(TODAY()<P54,"Upcoming","Ongoing"))) -> Unknown (missing duration data)
A94: Wednesday | B94: 01:15 PM | C94: 04:15 PM | D94: TECH 001 | E94: General physical space | F94: HND CSD B102 - DDD - Ms. Maleesha | G94: Physical | H94: =IF(OR(P50="",Q50=""),"Unknown (missing duration data)",IF(TODAY()>Q50,"Completed",IF(TODAY()<P50,"Upcoming","Ongoing"))) -> Unknown (missing duration data)
A95: Wednesday | B95: 01:15 PM | C95: 04:15 PM | D95: WEST 005 | E95: General physical space | F95: DHM B18 - EBM - Ms. Novodya | G95: Physical | H95: =IF(OR(P49="",Q49=""),"Unknown (missing duration data)",IF(TODAY()>Q49,"Completed",IF(TODAY()<P49,"Upcoming","Ongoing"))) -> Unknown (missing duration data)
A96: Wednesday | B96: 01:15 PM | C96: 04:15 PM | D96: WEST 102 | E96: General physical space | F96: IFS - B15 - DBLT - Ms. Samitha | G96: Physical | H96: =IF(OR(P46="",Q46=""),"Unknown (missing duration data)",IF(TODAY()>Q46,"Completed",IF(TODAY()<P46,"Upcoming","Ongoing"))) -> Unknown (missing duration data)
A97: Wednesday | B97: 01:15 PM | C97: 04:15 PM | D97: WEST 103 | E97: General physical space | F97: HND BM - 68 -RP - Mr.Shazna | G97: Physical | H97: =IF(OR(P47="",Q47=""),"Unknown (missing duration data)",IF(TODAY()>Q47,"Completed",IF(TODAY()<P47,"Upcoming","Ongoing"))) -> Unknown (missing duration data)
A98: Wednesday | B98: 01:15 PM | C98: 04:15 PM | D98: WEST 104 | E98: General physical space | F98: HND CSD B94 - ISM - Mr. Ravindu | G98: Physical | H98: =IF(OR(P48="",Q48=""),"Unknown (missing duration data)",IF(TODAY()>Q48,"Completed",IF(TODAY()<P48,"Upcoming","Ongoing"))) -> Unknown (missing duration data)
A99: Thursday | B99: 08:15 AM | C99: 12:15 PM | D99: WEST 101 | E99: General physical space | F99: HND BMS 31 - ASDI - Mr.Kithsiri | G99: Hybrid | H99: =IF(OR(P55="",Q55=""),"Unknown (missing duration data)",IF(TODAY()>Q55,"Completed",IF(TODAY()<P55,"Upcoming","Ongoing"))) -> Unknown (missing duration data)
A100: Thursday | B100: 09:15 AM | C100: 12:15 PM | D100: EAST 304 | E100: General physical space | F100: FBIT B16 - PCS - Ms. Disara | G100: Physical | H100: =IF(OR(P64="",Q64=""),"Unknown (missing duration data)",IF(TODAY()>Q64,"Completed",IF(TODAY()<P64,"Upcoming","Ongoing"))) -> Unknown (missing duration data)
A101: Thursday | B101: 09:15 AM | C101: 12:15 PM | D101: EAST 305 | E101: General physical space | F101: HM B20 - MM - Ms. Semini | G101: Physical | H101: =IF(OR(P65="",Q65=""),"Unknown (missing duration data)",IF(TODAY()>Q65,"Completed",IF(TODAY()<P65,"Upcoming","Ongoing"))) -> Unknown (missing duration data)
A102: Thursday | B102: 09:15 AM | C102: 12:15 PM | D102: EAST 306 | E102: General physical space | F102: DHM - 19 - T&T - Ms. Ishara Shammi | G102: Physical | H102: =IF(OR(P66="",Q66=""),"Unknown (missing duration data)",IF(TODAY()>Q66,"Completed",IF(TODAY()<P66,"Upcoming","Ongoing"))) -> Unknown (missing duration data)
A103: Thursday | B103: 09:15 AM | C103: 12:15 PM | D103: EAST 307 | E103: General physical space | F103: HND BMS - 33/34 - FOCB - Ms.Samitha | G103: Hybrid | H103: =IF(OR(P67="",Q67=""),"Unknown (missing duration data)",IF(TODAY()>Q67,"Completed",IF(TODAY()<P67,"Upcoming","Ongoing"))) -> Unknown (missing duration data)
A104: Thursday | B104: 09:15 AM | C104: 12:15 PM | D104: TECH 001 | E104: General physical space | F104: HND CSD B96 - DM - Mr. Gaveen | G104: Physical | H104: =IF(OR(P61="",Q61=""),"Unknown (missing duration data)",IF(TODAY()>Q61,"Completed",IF(TODAY()<P61,"Upcoming","Ongoing"))) -> Unknown (missing duration data)
A105: Thursday | B105: 09:15 AM | C105: 12:15 PM | D105: TECH 002 | E105: General physical space | F105: HND CSD B96 - CC - Mr. Anis | G105: Physical | H105: =IF(OR(P62="",Q62=""),"Unknown (missing duration data)",IF(TODAY()>Q62,"Completed",IF(TODAY()<P62,"Upcoming","Ongoing"))) -> Unknown (missing duration data)
...

Sheet Class Schedule Analysis
A1: Class Schedule Analysis — Cleaned Weekly Timetable with Status & Conflict Detection
